probe,island,group,promoter,BT142,TS603,NCH612,XO1,XO2,XO6,XO9,XO10,GSC827,GSC923,CA1,CA4,L0,L1,GSC403,TB096,U251,A172,SW1088,LN229,SF10602,SF10417,GSC711,GSC17,GSC274,GSC268,GSC627,MGG119,MGG152,GBM164,GBM196,BT054,BT088,GBM1,NHA,DIPG17
cg14194875,Island,TSS1500,TRUE,0.522332,0.773296,0.752965,NA,0.724187,0.594094,0.7687,0.779063,0.192159,0.282747,0.606982,0.68289,0.625775,0.651313,0.61045,0.305695,0.610025,0.497311,0.537487,0.645854,0.158342,0.751971,0.772017,0.214195,0.0615592,0.702143,0.723149,0.698161,0.738577,0.774561,0.797439,0.784007,0.620251,0.720419,0.22866,0.148009
cg23998405,Island,TSS1500,TRUE,0.335103,0.569113,0.807619,0.828566,0.686469,0.428643,0.237229,0.422934,0.0896344,0.26718,0.539456,0.560995,0.444571,0.532793,0.806248,0.138263,0.199166,0.0558789,0.542548,0.212974,0.162997,0.0948452,0.739418,0.67956,0.0329368,0.93991,0.248913,0.845573,0.40817,0.268699,0.880816,0.171514,0.835625,0.815297,0.310936,0.291387
cg11309842,OpenSea,Body,FALSE,0.501739,0.672716,0.681931,0.484944,0.328911,NA,0.436918,0.261349,0.603183,0.622442,0.6264,0.532378,0.27316,0.27265,0.788461,0.2004,0.060829,0.0469755,0.395581,0.0661939,0.521616,0.603883,0.325974,0.684739,0.717854,0.728519,0.132625,0.766963,0.395497,0.210046,0.651428,0.513636,0.68004,0.566755,0.673628,0.735926
cg11621301,OpenSea,Body,FALSE,0.461865,0.633538,0.64177,0.105664,0.0267828,0.0631948,0.0731276,0.0825144,0.610642,0.648118,0.65308,0.52096,0.0483918,0.0946823,0.66066,0.355045,0.030105,0.0593236,0.270885,0.0497256,0.195087,0.679878,0.638835,0.538373,0.686691,0.620735,0.453112,0.784652,0.695847,0.209944,0.69861,0.569357,0.533208,0.602654,0.658093,0.631154
cg15986238,OpenSea,3'UTR,FALSE,0.941825,0.964608,0.957085,0.926269,0.85458,0.91457,0.900231,0.848988,0.94669,0.95734,0.928907,0.896649,0.758654,0.736636,0.961172,0.358644,0.046648,0.0211321,0.382589,0.506669,0.983311,0.916168,0.955783,0.927165,0.958227,0.945035,0.917612,0.969675,0.950649,0.209314,0.958746,0.955799,0.951134,0.935728,0.919291,0.931511
cg27041381,OpenSea,Body,FALSE,0.70189,0.828646,0.123344,0.260151,0.123839,0.276661,0.0484624,0.182625,0.708561,0.796517,0.76789,0.778426,0.0759117,0.0721112,0.901117,0.135888,0.0561945,0.0778521,0.125125,0.0898779,0.657409,0.693952,0.583445,0.834409,0.845378,0.836412,0.397082,0.918632,0.807158,0.0549058,0.890143,0.739488,0.367463,0.662001,0.780318,0.8042
cg06874216,OpenSea,Body,FALSE,0.38761,0.378516,0.383982,0.268713,0.104127,0.213369,0.362766,0.232926,0.535164,0.38685,0.487168,0.502548,0.0846303,0.0814787,0.64642,0.0688005,0.0726056,0.047081,0.251038,0.0749666,0.224031,0.362514,0.346688,0.644865,0.644265,0.57689,0.209076,0.409946,0.46053,0.0661891,0.746398,0.557273,0.240752,0.112256,0.594398,0.595118
cg27531642,OpenSea,Body,FALSE,0.705956,0.888201,0.886124,0.90983,0.837267,0.879117,0.910616,0.932248,0.891366,0.893872,0.801644,0.817779,0.789199,0.834598,0.939192,0.546397,0.152365,0.050644,0.55488,0.327105,0.783557,0.914387,0.914645,0.87376,0.930437,0.911139,0.837732,0.710013,0.659818,0.854744,0.771675,0.927567,0.841913,0.917265,0.889491,0.911553
cg11948988,OpenSea,Body,FALSE,0.883572,0.86403,0.634289,0.466152,0.0165154,0.442868,0.293826,0.0915053,0.86479,0.901874,0.857513,0.712608,0.0949003,0.17702,0.782495,0.110059,0.0234898,0.0358354,0.461071,0.0296887,0.797486,0.814088,0.717795,0.494303,0.930891,0.739651,0.0924528,0.902982,0.568979,0.0571896,0.916326,0.808548,0.88510200000000006,0.376801,0.806082,0.728638
cg00639517,OpenSea,Body,FALSE,0.726747,0.894366,0.913237,0.90004,0.721753,0.921961,0.922905,0.839968,0.873254,0.905146,0.951408,0.917363,0.79601,0.843026,0.931711,0.19086,0.112692,0.0892323,0.810965,0.0775582,0.775974,0.938216,0.698292,0.877923,0.933806,0.931341,0.898895,0.690146,0.573304,0.677547,0.780302,0.934685,0.912607,0.930329,0.938853,0.912541
cg12981137,Island,Body,TRUE,0.980231,0.918969,0.957678,0.969631,0.960321,0.815718,0.95747,0.898462,0.218921,0.496243,0.927264,0.89067,0.927146,0.955813,0.849516,0.880136,0.955451,0.964249,0.968423,0.968934,0.921696,0.967624,0.965027,0.171633,0.00105633,0.1966,0.960281,0.525397,0.607559,0.959632,0.96981,0.974913,0.971032,0.970447,0.278977,0.02521
cg10366851,OpenSea,Body,FALSE,0.585674,0.75009,0.484741,0.4147,0.195622,0.633207,0.700108,0.479374,0.634849,0.563444,0.716526,0.631419,0.222191,0.333745,0.694819,0.177294,0.0586497,0.0444136,0.448133,0.0864454,0.576981,0.609435,0.615481,0.666764,0.708592,0.750549,0.283073,0.738231,0.697454,0.529715,0.681648,0.635666,0.644855,0.651133,0.668658,0.626544
cg16215402,Island,TSS200,TRUE,0.0763235,0.375368,0.407604,0.7584,0.110588,0.591885,0.648547,0.461975,0.0857035,0.0684432,0.0535571,0.0535219,0.291704,0.36754,0.059166,0.0802314,0.098643,0.126378,0.0417096,0.159288,0.146654,0.107039,0.376288,0.0462612,0.0604305,0.0389127,0.24828,0.0470654,0.216145,0.0662531,0.294281,0.155142,0.100714,0.383989,0.0357531,0.0539885
cg24810646,OpenSea,Body,FALSE,0.600734,0.836897,0.876406,0.933182,0.796489,0.89303,0.904721,0.611849,0.890117,0.919554,0.881265,0.806541,0.253169,0.301648,0.942133,0.151143,0.0575204,0.111968,0.31065,0.0722104,0.793954,0.733449,0.564291,0.743314,0.925345,0.939891,0.0303857,NA,0.882556,0.0744606,0.822637,0.915296,0.856121,0.791814,0.922334,0.926989
cg18064754,OpenSea,Body,FALSE,0.0908911,0.253871,0.0764458,0.116435,0.0476513,0.102646,0.0614206,0.110307,0.506283,0.48093,0.0634556,0.0883267,0.0138973,0.0320607,0.454284,0.0464342,0.0252934,0.0288113,0.0699492,0.0125993,0.156177,0.133392,0.339768,0.0664072,0.829745,0.486136,0.0443937,0.528598,0.309781,0.0266535,0.069252,0.123901,0.079421,0.0998042,0.417066,0.522713
cg06709661,OpenSea,Body,FALSE,0.796737,0.80888,0.777829,0.811677,0.763538,0.841683,0.824907,0.705246,0.772852,0.723026,0.830702,0.76702,0.814638,0.805499,0.817569,0.832081,0.190471,0.268818,0.652309,0.278539,0.734031,0.860773,0.719005,0.78003,0.652574,0.807073,0.701777,0.823343,0.562123,0.798841,0.799234,0.873582,0.851022,0.837628,0.774913,0.803573
cg16255663,OpenSea,Body,FALSE,0.415841,0.692329,0.539915,0.370368,0.306762,0.614104,0.357729,0.373104,0.633803,0.684755,0.463903,0.489005,0.0866314,0.0965101,0.760124,0.0793653,0.0519332,0.0451074,0.318913,0.0622903,0.606887,0.303598,0.546579,0.477416,0.742299,0.0648023,0.0989411,0.477253,0.497848,0.0421927,0.693953,0.520977,0.268964,0.0865928,0.548475,0.62375100000000006
cg26188698,OpenSea,Body,FALSE,0.714626,0.804621,0.814684,0.71388,0.208841,0.741833,0.772761,0.325561,0.739717,0.726902,0.74397,0.705149,0.700921,0.671639,0.864809,0.345605,0.0222886,0.0187746,0.12435,0.0365234,0.589501,0.617474,0.748634,0.755798,0.807325,0.847319,0.443947,0.88708,0.70245,0.0343164,0.773361,0.828583,0.669864,0.754252,0.716402,0.804849
cg05596517,OpenSea,Body,FALSE,0.421364,0.734573,0.643667,0.520771,0.029871,0.71156,0.714603,0.109996,0.673993,0.738649,0.766258,0.723326,0.454989,0.40326,0.818881,0.0807534,0.0338364,0.138845,0.451527,0.0588712,0.291317,0.553658,0.491776,0.737713,0.741367,0.816198,0.086118,0.769006,0.72672,0.144504,0.750932,0.74912,0.776735,0.317325,0.775491,0.728858
cg02022136,Island,TSS1500,TRUE,0.598475,0.882083,0.906961,0.923489,0.847887,0.610008,0.535851,0.832764,0.300162,0.534381,0.76367,0.728955,0.616793,0.681261,0.852258,0.336755,0.358026,0.248567,0.764188,0.448123,0.451213,0.392083,0.825538,0.806915,0.164723,0.924526,0.40729,0.927076,0.554848,0.475138,0.915676,0.474069,0.883261,0.902689,0.455398,0.414783
cg06952798,OpenSea,Body,FALSE,0.19796,0.627813,0.21204,0.297885,0.107279,0.127546,0.421509,0.291408,0.563851,0.401511,0.483488,0.385487,0.0290548,0.107395,0.664585,0.104998,0.0328659,0.020712,0.177352,0.0369785,0,0.299959,0.19016,0.152334,0.664655,0.746653,0.1129,0.791165,0.630399,0.0632165,0.651226,0.549165,0.367968,0.416353,0.524965,0.505861
cg18811130,S_Shelf,Body,FALSE,0.181317,0.692521,0.680452,0.048212,0.0731925,0.0845726,0.0810777,0.0776382,0.641823,0.632106,0.647208,0.678011,0.358702,0.346,0.78955,0.0576694,0.00874304,0.0354162,0.199353,0.0277172,0.238964,0.464773,0.696588,0.510079,0.773753,0.61399,0.0286516,0.636594,0.408162,0.0106865,0.406695,0.433308,0.395761,0.785184,0.39916,0.711447
cg10744297,OpenSea,Body,FALSE,0.628819,0.752725,0.786456,0.733673,0.723062,0.739428,0.733761,0.640972,0.658557,0.613355,0.778546,0.76458,0.772679,0.76979,0.78115,0.403892,0.207382,0.0707954,0.607386,0.23343,0.588466,0.80366,0.437741,0.749776,0.763146,0.738363,0.585473,0.807197,0.754404,0.586482,0.749055,0.739889,0.706517,0.696653,0.78438,0.741139
cg11019008,OpenSea,Body,FALSE,0.05592,0.233461,0.59639,0.558615,0.0533747,0.523831,0.465842,0.390598,0.148701,0.253802,0.754727,0.633876,0.240833,0.196418,0.810336,0.215131,0.0416929,0.0502966,0.237878,0.0481367,0.121391,0.770461,0.0454278,0.76557,0.847188,0.771505,0.0579178,0.732692,0.123089,0.0457783,0.0426769,0.391268,0.537684,0.223733,0.828535,0.129712
cg23004031,OpenSea,Body,FALSE,0.850475,0.601248,0.920283,0.524146,0.635533,NA,0.514848,0.183824,0.69185,0.609836,0.598339,0.597059,0.385144,0.385659,0.922805,0.650648,0.0909497,0.119723,0.704341,0.26722,0.770326,0.924985,0.643271,0.875938,0.654346,0.911695,0.176167,0.856348,0.122934,0.85935,0.374163,0.926797,0.913821,0.879303,0.830877,0.58821
cg09757049,OpenSea,Body,FALSE,0.15556,0.344917,0.305529,0.104221,0.0716099,0.0955586,0.10197,0.112519,0.377895,0.3747,0.125176,0.234297,0.0677059,0.0836036,0.631662,0.137232,0.0558036,0.12438,0.103052,0.0759283,0.168644,0.199307,0.228768,0.291666,0.510053,0.413386,0.0460511,0.374079,0.228191,0.0630453,0.361892,0.152505,0.222615,0.249398,0.501757,0.425492
cg06209143,OpenSea,Body,FALSE,0.73225,0.796956,0.751444,0.665485,0.751302,0.665481,0.648662,0.0880418,0.698949,0.724247,0.746639,0.718328,0.42315,0.449523,0.833741,0.714785,0.296759,0.0297801,0.706118,0.0834336,0.557753,0.808577,0.741107,0.790249,0.790713,0.836135,0.834365,0.837983,0.673808,0.122675,0.782408,0.809554,0.771132,0.776199,0.761744,0.734531
cg12434587,Island,TSS1500,TRUE,0.412051,0.866627,0.934752,0.927966,0.899358,0.868442,0.882647,0.861468,0.022028,0.0613831,0.557419,0.614614,0.912249,0.879491,0.232047,0.550303,0.838239,0.890488,0.907459,0.928698,0.0178195,0.933545,0.925335,0.0317404,0.0104683,0.218135,0.921093,0.541829,0.65731,0.926429,0.953077,0.909225,0.936354,0.84839,0.412742,0.0346623
cg06179303,OpenSea,Body,FALSE,0.75076,0.672736,0.606717,0.415179,0.07652,0.462182,0.229798,0.178445,0.748862,0.865129,0.705704,0.554949,0.270294,0.349153,0.925949,0.151897,0.0616705,0.0518262,0.362787,0.0621776,0.654575,0.605026,0.62198,0.466627,0.946275,0.663697,0.100759,0.605361,0.666599,0.0209857,0.721594,0.515363,0.535168,0.612337,0.620972,0.675916
cg14434995,OpenSea,Body,FALSE,0.880027,0.896353,0.929997,0.873167,0.460466,0.907912,0.863403,0.739554,0.890005,0.89983,0.883507,0.892749,0.761297,0.737832,0.899345,0.574627,0.0311648,0.0531738,0.348637,0.10206899999999999,0.574957,0.867169,0.812238,0.83927,0.89629,0.939354,0.39097,0.897335,0.89726,0.417672,0.920354,0.792247,0.887763,0.867787,0.879132,0.898523
cg26528551,OpenSea,Body,FALSE,0.0942555,0.318146,0.401609,0.532331,0.0439032,0.225997,0.209915,0.123973,0.67668,0.739823,0.587461,0.515097,0.170748,0.157879,0.583074,0.0693764,0.0284619,0.0270536,0.212649,0.0279509,0.054727,0.414343,0.22438,0.147274,0.889804,0.552456,0.0625671,0.868512,0.531445,0.0382054,0.557339,0.350449,0.363627,0.0830864,0.532984,0.576892
cg00618725,Island,TSS1500,TRUE,0.68793,0.865498,0.877294,0.754334,0.794211,0.609151,0.68812,0.835523,0.152398,0.199103,0.547169,0.559586,0.856467,0.852195,0.759375,0.725191,0.796386,0.662033,0.708319,0.835826,0.24623,0.866446,0.865183,0.178077,0.108671,0.490455,0.889262,0.642423,0.723557,0.888969,0.64755,0.854489,0.766134,0.854039,0.169381,0.146561
cg05068430,Island,TSS200,TRUE,0.0380992,0.231382,0.310003,0.615359,0.03602,0.362223,0.529948,0.254158,0.0450338,0.0499286,0.0245009,0.0339686,0.117363,0.209686,0.030666,0.0325969,0.0371167,0.0436012,0.0175924,0.0302014,0.0327191,0.0138602,0.189107,0.0149189,0.0307117,0.0302269,0.0818082,0.031248,0.200397,0.041097,0.208998,0.0803072,0.0448132,0.114439,0.022618,0.0315502
cg17380475,OpenSea,Body,FALSE,0.0679423,0.609682,0.184971,0.412444,0.0854384,0.511748,0.167678,0.196481,0.877321,0.859955,0.742845,0.720013,0.0719489,0.102367,0.921202,0.0910881,0.0478542,0.0752045,0.154642,0.0436195,0.322905,0.297987,0.542493,0.767636,0.887715,0.815982,0.0613195,0.533989,0.697098,0.0835936,0.148506,0.371109,0.109132,0.0660269,0.879332,0.823291
cg15367698,OpenSea,Body,FALSE,0.791914,0.838861,0.851202,0.690372,0.679177,0.457441,0.478076,0.617088,0.841475,0.847154,0.702252,0.727414,0.611933,0.658088,0.893071,0.29564,0.194996,0.217015,0.532081,0.236906,0.439568,0.842064,0.361699,0.790401,0.856175,0.784306,0.440306,0.893731,0.285316,0.212579,0.863264,0.82621,0.868535,0.5144,0.789203,0.844389
cg22785261,OpenSea,Body,FALSE,0.973349,0.945737,0.947325,0.956158,0.810162,0.960883,0.968932,0.9361,0.942185,0.942952,0.960667,0.952599,0.939668,0.955172,0.968224,0.674665,0.407439,0.0737072,0.795509,0.522169,0.886787,0.970101,0.952357,0.960727,0.947732,0.959392,0.960468,0.963091,0.961385,0.840745,0.95655,0.970436,0.957901,0.956822,0.960624,0.93776
cg19706602,Island,TSS200,TRUE,0.116809,0.320105,0.305744,0.272513,0.115888,0.241171,0.295287,0.183603,0.151813,0.167445,0.0872862,0.159973,0.134945,0.158553,0.0952098,0.0903913,0.131024,0.173776,0.117699,0.147583,0.0660748,0.0671169,0.407822,0.141566,0.120725,0.0890556,0.113139,0.083841,0.18054,0.121321,0.168339,0.105069,0.0923112,0.103632,0.0495264,0.0701204
cg18026026,Island,TSS200,TRUE,0.0966442,0.493371,0.480554,0.779045,0.0831548,0.680709,0.659672,0.515652,0.0377108,0.0751216,0.0740342,0.113853,0.302701,0.342063,0.0548006,0.0649923,0.0740394,0.119923,0.0573116,0.173032,0.0442227,0.0843227,0.379895,0.0447496,0.0401162,0.0394529,0.214493,0.0413548,0.278436,0.0474348,0.364668,0.171857,0.100605,0.377552,0.0257898,0.0340437
cg10502904,OpenSea,3'UTR,FALSE,0.921537,0.936946,0.907382,0.756517,0.64102,0.539857,0.55895,0.808031,0.92548,0.918081,0.869886,0.847952,0.824398,0.840923,0.908492,0.189169,0.0442681,0.0330591,0.431899,0.239567,0.945613,0.791826,0.902066,0.865245,0.932,0.910634,0.800518,0.944837,0.921874,0.0265633,0.945661,0.90315,0.944566,0.815154,0.923917,0.889487
cg18581292,OpenSea,Body,FALSE,0.603835,0.862445,0.712233,0.86872,0.473471,0.826791,0.890111,0.708064,0.815368,0.835452,0.855139,0.845564,0.766896,0.806818,0.926197,0.542525,0.392166,0.232042,0.612733,0.278099,0.901738,0.8553,0.79076,0.831656,0.899953,0.83078,0.491488,0.765157,0.930451,0.539956,0.891769,0.758341,0.821607,0.781515,0.853704,0.900779
cg23235067,OpenSea,Body,FALSE,0.343488,0.577817,0.484796,0.25673,0.0954033,0.204601,0.121228,0.0843767,0.477311,0.703542,0.417301,0.327909,0.157288,0.161779,0.754712,0.108899,0.056928,0.116558,0.103205,0.0649093,0.45639,0.212955,0.559655,0.14028,0.887186,0.41872,0.248997,0.516363,0.597771,0.0397554,0.590283,0.341976,0.290884,0.258666,0.389939,0.505372
cg00579595,N_Shore,TSS1500,FALSE,0.293203,0.60081,0.45031,0.311691,0.0779256,0.468754,0.33413,0.412804,0.78068,0.77619,0.543181,0.374695,0.267291,0.224173,0.745061,0.108525,0.106541,0.146714,0.353908,0.128929,0.616646,0.361347,0.586902,0.72687,0.808412,0.706924,NA,0.764551,0.608434,0.0728053,0.472553,0.330911,0.421658,0.291588,0.71735,0.730447
cg07362810,OpenSea,Body,FALSE,0.179372,0.541001,0.423924,0.0650846,0.0752191,0.0691993,0.0989781,0.0775821,0.563371,0.67517,0.626775,0.6248,0.130593,0.1551,0.758685,0.0630438,0.0563422,0.0453909,0.167593,0.0702753,0.109626,0.58443,0.578388,0.44113,0.743209,0.659745,0.0941076,0.755095,0.501725,0.0643051,0.129035,0.0553895,0.354591,0.261011,0.545892,0.523956
cg14263093,OpenSea,Body,FALSE,0.665284,0.510776,0.232283,0.425057,0.404513,0.329036,0.313387,0.167045,0.691395,0.721424,0.548205,0.461593,0.518612,0.457703,0.820522,0.226528,0.120579,0.0816277,0.308577,0.0577322,0.0168116,0.472345,0.164325,0.47676,0.831186,0.639575,0.185927,0.838188,0.451014,0.114798,0.754503,0.506551,0.557079,0.358774,0.514087,0.668593
cg01204683,OpenSea,Body,FALSE,0.717438,0.827925,0.770859,0.820999,0.780473,0.814069,0.804095,0.817006,0.768869,0.777614,0.819319,0.759391,0.691098,0.753573,0.830675,0.848314,0.241876,0.0505074,0.55907,0.551287,0.779932,0.838642,0.812203,0.816468,0.826345,0.843033,0.772028,0.844909,0.823264,0.78598,0.849081,0.780047,0.859999,0.794938,0.816216,0.822188
cg00198994,OpenSea,Body,FALSE,0.0970114,0.227119,0.0491815,0.102661,0.0783111,0.101165,0.0978416,0.0476829,0.357355,0.315085,0.233702,0.20776,0.0443893,0.0585692,0.545373,0.0281418,0.0433981,0.04298,0.111275,0.0526529,0.0968437,0.138012,0.176674,0.238168,0.607779,0.413729,0.0284948,0.439294,0.355788,0.0400224,0.232216,0.0911228,0.0851588,0.0716269,0.304287,0.371749
cg18642179,N_Shore,TSS1500,FALSE,0.10612,0.541525,0.0622718,0.117518,0.0472072,0.169085,0.0738705,0.068256,0.772251,0.791968,0.1185,0.0860624,0.0921647,0.114767,0.839464,0.114758,0.0472643,0.0792503,0.343246,0.0605114,0.12892,0.22947,0.0712767,0.100429,0.78779,0.643128,0.038686,0.474589,0.429325,0.0364196,0.113036,0.233213,0.264665,0.0716711,0.58499,0.684345
cg00981003,OpenSea,Body,FALSE,0.393462,0.622651,0.482937,0.329505,0.126274,0.163961,0.132589,0.424446,0.718899,0.687216,0.422912,0.432831,0.374485,0.40696,0.750172,0.183339,0.0792271,0.0938796,0.333724,0.0984095,0.119614,0.30648,0.444127,0.42758,0.805168,0.372426,0.10608,0.509453,0.25635,0.0760844,0.771446,0.579099,0.561984,0.443459,0.680743,0.672162
cg20537325,OpenSea,Body,FALSE,0.864427,0.895995,0.854757,0.696193,0.887234,0.70568,0.857562,0.640926,0.885037,0.839391,0.853075,0.863085,0.636267,0.689633,0.922384,0.61642,0.567881,0.182782,0.763689,0.338708,0.729963,0.842806,0.895075,0.876078,0.845216,0.904101,0.789999,0.889285,0.891561,0.83582,0.864803,0.776613,0.751545,0.753982,0.833801,0.823845
cg09983981,OpenSea,Body,FALSE,0.632081,0.812141,0.851162,0.843295,0.236959,0.679186,0.652421,0.345148,0.7906,0.830355,0.792822,0.69219,0.59483,0.615714,0.898057,0.141801,0.133416,0.0610512,0.288205,0.0944861,0.469408,0.645799,0.834308,0.584237,0.888425,0.764413,0.628382,0.896528,0.647487,0.521296,0.766798,0.852407,0.461212,0.765535,0.769193,0.752583
cg04854917,OpenSea,Body,FALSE,0.43699,0.372014,0.307038,0.346507,0.578277,0.278679,0.330192,0.368298,0.599605,0.596723,0.470336,0.422807,0.266707,0.273023,0.725516,0.136619,0.0447442,0.0788906,0.246423,0.103174,0.153607,0.644674,0.563409,0.400336,0.684279,0.759619,0.111967,0.759259,0.364642,0.0433727,0.360767,0.628,0.46516,0.311985,0.55501,0.589187
cg07933035,OpenSea,Body,FALSE,0.806887,0.780764,0.84326,0.628502,0.0854188,0.134928,0.159693,0.0907938,0.759291,0.847016,0.851615,0.822886,0.640067,0.669178,0.880904,0.33622,NA,0.26361,0.29673,0.368752,0.845338,0.840544,0.594338,0.797141,0.818198,0.809696,0.848847,0.851277,0.798326,0.0880974,0.820618,0.857359,0.871469,0.407525,0.851906,0.809902
cg26976729,OpenSea,Body,FALSE,0.272596,0.430878,0.105505,0.180606,0.104082,0.184287,0.255574,0.344871,0.600937,0.719593,0.161373,0.196105,0.137763,0.0949867,0.698151,0.137601,0.037995,0.195782,0.250452,0.0528441,0.109252,0.309641,0.204561,0.170144,0.676462,0.572821,0.108902,0.722971,0.569763,0.146883,0.232835,0.135122,0.544593,0.11551,0.209214,0.423405
cg18485261,OpenSea,Body,FALSE,0.10319299999999999,0.241097,0.0839607,0.175425,0.0381428,0.0832082,0.0923217,0.0597054,0.509881,0.292786,0.083444,0.0759413,0.0754768,0.0813494,0.447003,0.0891054,0.0432186,0.0394049,0.104135,0.0552498,0.0589082,0.182227,0.0588785,0.0904452,0.848924,0.420568,0.0550843,0.432735,0.513526,0.0247139,0.0650099,0.08181,0.147156,0.0691318,0.381866,0.527333
cg08227792,OpenSea,Body,FALSE,0.213712,0.542294,0.401669,0.0708105,0.0552934,0.0727884,0.061221,0.0813337,0.667092,0.734148,0.0663474,0.286649,0.0812244,0.124833,0.799395,0.0854385,0.0342236,0.0396952,0.218238,0.0537579,0.0310013,0.409225,0.63674,0.086614,0.824695,0.593933,0.0506842,0.756732,0.594072,0.0347487,0.801759,0.292737,0.206745,0.132072,0.503683,0.60174
cg12295671,OpenSea,Body,FALSE,0.0255731,0.165869,0.196504,0.0559298,0.0401072,0.0644049,0.0597089,0.0634777,0.228111,0.270382,0.057265,0.0683634,0.0529471,0.0472895,0.769039,0.0558534,0.027164,0.022307,0.0964938,0.0480559,0.0378408,0.109797,0.0712184,0.0630791,0.823743,0.340167,0.0266352,0.480166,0.378298,0.0324365,0.0746069,0.0406518,0.0685874,0.0576634,0.393121,0.244718
cg07340795,OpenSea,Body,FALSE,0.300126,0.510423,0.645459,0.0858874,0.0514883,0.0910747,0.0812548,0.0479478,0.514851,0.633564,0.0647243,0.245716,0.151238,0.302925,0.782304,0.0754633,0.0595366,0.051111,0.152971,0.10302,0.0454641,0.480202,0.571176,0.0803013,0.767528,0.274566,0.0595107,0.506027,0.702547,0.0484912,0.806171,0.258431,0.344188,0.389737,0.390551,0.454929
cg22575127,OpenSea,Body,FALSE,0.0930334,0.821281,0.725528,0.153127,0.0839637,0.103776,0.10048,0.0887079,0.785707,0.797942,0.301237,0.381999,0.121629,0.200002,0.860861,0.334719,0.0712065,0.0832708,0.170059,0.0611721,0.713212,0.480869,0.567468,0.222119,0.770243,0.731579,0.0692506,0.836482,0.501552,0.0585284,0.537612,0.481811,0.637849,0.459539,0.192306,0.720307
cg26201213,S_Shore,Body,TRUE,0.859725,0.897448,0.894219,0.654221,0.75117,0.604619,0.470069,0.499424,0.865756,0.907242,0.817111,0.707988,0.561703,0.655659,0.885052,0.821388,0.178385,0.314258,0.517826,0.34983,0.935017,0.808405,0.670111,0.881126,0.451539,0.875379,0.37884,0.847369,0.518496,0.115905,0.918595,0.573358,0.462468,0.804282,0.837582,0.555001
cg14485787,OpenSea,Body,FALSE,0.523783,0.573554,0.495192,0.306983,0.117738,0.20738,0.239863,0.162929,0.755262,0.802501,0.530707,0.507965,0.281247,0.324335,0.696401,0.281199,0.105799,0.0689489,0.307569,0.0841793,0.546468,0.531453,0.399538,0.675339,0.826,0.601283,0.14711,0.772644,0.542559,0.0760045,0.426504,0.329197,0.685356,0.432252,0.528063,0.641155
cg01596026,OpenSea,Body,FALSE,0.130418,0.330128,0.119605,0.127997,0.153351,0.30611,0.178313,0.253379,0.56357,0.439092,0.116194,0.0970981,0.12058,0.0954348,0.729345,0.140191,0.104358,0.144211,0.12034,0.0785507,0.130882,0.162418,0.347986,0.104925,0.716856,0.446858,0.0986512,0.485431,0.562042,0.0685733,0.162083,0.118813,0.153876,0.0911528,0.325699,0.462741
cg06453909,OpenSea,Body,FALSE,NA,0.727602,0.488005,0.77937,0.729581,0.726495,0.711684,0.667368,0.689423,0.640028,0.743319,0.625324,0.597816,0.528184,0.823766,0.788661,0.0910991,0.209414,0.627599,0.668814,0.263057,0.845561,0.756127,0.65451,0.597412,0.210128,0.692438,0.72253,0.463788,0.633834,0.79699,0.725375,0.699412,0.782772,0.75063,0.818908
cg06401999,OpenSea,Body,FALSE,0.193717,0.240859,0.143412,0.109433,0.0493133,0.124257,0.205884,0.0855143,0.253432,0.217289,0.199154,0.13126,0.0909168,0.0881799,0.145246,0.11552,0.0511747,0.0577988,0.0634054,0.056993,0.0556079,0.186748,0.123775,0.102716,0.74492,0.301477,0.0746325,0.208036,0.273887,0.0477006,0.15085,0.134863,0.113099,0.114603,0.248518,0.197259
cg13171643,OpenSea,Body,FALSE,0.140365,0.576059,0,0.115551,0.0532778,0.128873,0.0853956,0.012018,0.573637,0.546722,0.100659,0.083159,0.143679,0.0890961,0.782508,0.0569716,0.0220042,0.121648,0.219787,0.114536,0.683091,0.201595,0.474678,0.0746477,0.609709,0.558321,0.0544686,0.477318,0.427869,0.134678,0.141888,0.146281,0.466072,0.0846672,0.400086,0.519306
cg25145165,OpenSea,Body,FALSE,0.0908653,0.246334,0.523991,0.14239,0.0806855,0.163813,0.175928,0.120233,0.643876,0.421458,0.485355,0.357589,0.170732,0.139624,0.849251,0.0834997,0.0880386,0.0865836,0.0956456,0.0574065,0.067584,0.375923,0.0794549,0.397238,0.849356,0.572014,0.333737,0.41107900000000003,0.70349,0.0502669,0.0564875,0.31752,0.136657,0.16301,0.239022,0.208788
cg26279216,OpenSea,Body,FALSE,0.144269,0.28202,0.73021,0.801943,0.689007,0.83351,0.825558,0.748278,0.804847,0.830108,0.214696,0.196867,0.816065,0.809329,0.471362,0.145056,0.123991,0.165478,0.259425,0.114997,0.17685,0.395939,0.0920131,0.814774,0.390405,0.819668,0.198707,0.454505,0.683692,0.0878684,0.107384,0.408134,0.387584,0.641341,0.833148,0.212981
cg16850444,N_Shore,TSS1500,TRUE,0.310997,0.412513,0.244291,0.0871302,NA,0.203794,0.232136,0.109593,0.852459,0.785993,0.463068,0.467145,0.0955092,0.133626,0.87404,0.0701447,0.0588312,0.073953,0.289519,0.0934101,0.563321,0.291761,0.0645247,0.599205,0.90793,0.813603,0.0851233,0.5322,0.592283,0.042834,0.0791874,0.316106,0.199543,0.0828413,0.740265,0.808526
cg04271445,OpenSea,Body,FALSE,0.0702799,0.553949,0.347724,0.230788,0.0732042,0.184381,0.180999,0.11836,0.431669,0.347507,0.434417,0.357226,0.162964,0.263579,0.71613,0.118843,0.0657682,0.0847273,0.270771,0.0913771,0.0681658,0.404469,0.572455,0.285723,0.790601,0.475721,0.0610484,0.633751,0.551583,0.0720313,0.570149,0.372617,0.514776,0.205632,0.468283,0.63431
cg21593885,OpenSea,Body,FALSE,0.580432,0.530618,0.674781,0.130006,0.0659985,0.0927747,0.108855,0.297471,0.796802,0.777552,0.578224,0.576619,0.0461054,0.0980726,0.680676,0.139874,0.0432405,0.0478526,0.177523,0.0666335,0.744228,0.579651,0.476018,0.368326,0.80893,0.745957,0.0286037,0.48048,0.423629,0.0816136,0.820526,0.295014,0.184516,0.307916,0.441869,0.691539
cg11802424,OpenSea,Body,FALSE,0.152082,0.346435,0.193901,0.100602,0.0612104,0.0873288,0.0707651,0.060615,0.441549,0.436566,0.102948,0.10639,0.107702,0.1903,0.623038,0.0567885,0.0420307,0.0459285,0.237506,0.050709,0.0574099,0.303098,0.345609,0.227455,0.805174,0.301729,0.0519069,0.405763,0.477351,0.0393854,0.189646,0.156078,0.436843,0.10542,0.229087,0.405553
cg14312783,OpenSea,Body,FALSE,0.820535,0.826224,0.782381,0.586448,0.216722,0.611409,0.589031,0.745706,0.797414,0.828532,0.803498,0.729149,0.672081,0.663755,0.814036,0.551295,0.0909221,0.128297,0.556729,0.14335,0.823416,0.777854,0.661546,0.804689,0.843781,0.789525,0.475776,0.826878,0.806272,0.501073,0.855984,0.781503,0.799568,0.681268,0.752842,0.79877
cg02803836,OpenSea,Body,FALSE,0.115669,0.616133,0.197114,0.148923,0.115437,0.246738,0.129074,0.108519,0.461578,0.616188,0.0869531,0.116184,0.117866,0.160647,0.626667,0.0997096,0.0639918,0.0752318,0.213169,0.0613513,0.132117,0.341004,0.581144,0.353164,0.817527,0.353965,0.0789656,0.459218,0.564405,0.0668738,0.401322,0.251823,0.552623,0.165895,0.285966,0.496451
cg15568398,OpenSea,Body,FALSE,0.479229,0.792595,0.869757,0.677977,0.0531808,0.618179,0.688237,0.200962,0.727604,0.808982,0.116732,0.193645,0.382165,0.487024,0.882746,0.398442,0.105493,0.0609724,0.246827,0.175095,0.0873513,0.753784,0.639623,0.783688,0.850668,0.475589,0.733295,0.856333,0.870383,0.0966698,0.670967,0.713234,0.843943,0.111185,0.289949,0.695448
cg18247239,N_Shore,TSS1500,FALSE,0.403782,0.698636,0.323877,0.459411,0.295043,0.438168,0.370505,0.155342,0.767473,0.745089,0.414075,0.458618,0.197388,0.196143,0.811127,0.163207,0.124913,0.172844,0.365655,0.176979,0.514198,0.423005,0.638131,0.686207,0.848236,0.75521,0.210706,0.790254,0.532698,0.0968963,0.802082,0.587383,0.36303,0.352277,0.696357,0.756466
cg13395215,OpenSea,Body,FALSE,0.370961,0.683347,0.576616,0.228246,0.100245,0.163103,0.172019,0.11967,0.69807,0.701301,0.356377,0.303515,0.229914,0.268575,0.75681,0.0992762,0.0896972,0.128822,0.16754,0.115417,0.0877035,0.342732,0.577434,0.369337,0.764315,0.607407,0.148722,0.48027,0.538643,0.0715659,0.69807,0.346685,0.364121,0.239718,0.580701,0.440848
cg12575438,N_Shore,TSS1500,TRUE,0.801543,0.741271,0.722929,0.781362,0.288182,0.622481,0.744765,0.58277,0.856754,0.863921,0.789781,0.716237,0.545995,0.585634,0.843152,0.795686,0.208441,0.573882,0.47648,0.376457,0.909612,0.569373,0.811645,0.835875,0.844092,0.764409,0.597063,0.856193,0.675652,0.608332,0.874119,0.596019,0.561682,0.670879,0.796159,0.745937
cg02421176,OpenSea,Body,FALSE,0.337176,0.0765714,0.0317269,0.12257,0.0582946,0.242322,0.315421,0.0671218,0.478233,0.484893,0.0719509,0.0591372,0.139297,0.199639,0.22054,0.17055,0.0664127,0.0383122,0.0936023,0.0788145,0.0383506,0.264588,0.105225,0.520478,0.0723437,0.199878,0.0283707,0.368776,0.442825,0.0113463,0.102888,0.315724,0.304305,0.0946301,0.0646383,0.243811
cg05714579,OpenSea,Body,FALSE,0.577002,0.939452,0.921438,0.92571,0.921763,0.929788,0.922565,0.899304,0.896727,0.852991,0.910373,0.893904,0.922607,0.91732,0.938345,0.86663,0.509383,0.170653,0.837018,0.707297,0.851891,0.916699,0.897687,0.913108,0.773519,0.854505,0.872906,0.915761,0.898685,0.911343,0.877264,0.933064,0.911833,0.882846,0.91609,0.8617
cg04425788,OpenSea,Body,FALSE,0.0547047,0.361956,0.266962,0.154011,0.202414,0.128819,0.175624,0.0677697,0.312194,0.506294,0.137361,0.157963,0.0578014,0.131998,0.685401,0.0907926,0.0467092,0.0537568,0.197156,0.0573739,0.174939,0.262709,0.0618709,0.101304,0.720801,0.285015,0.0693863,0.755175,0.360328,0,0.0336299,0.280413,0.372074,0.19042,0.359623,0.260264
cg09534686,OpenSea,Body,FALSE,0.0949298,0.0973783,0.234378,0.172871,0.100833,0.175931,0.14219,0.16845,0.215963,0.347635,0.150193,0.113449,0.0743801,0.0340961,0.470647,0.0865691,0.0619093,0.0975704,0.10142,0.0906165,0.296887,0.077321,0.33284,0.0961009,0.629092,0.400097,0.0778899,0.230453,0.153988,0.112572,0.166512,0.115837,0.0498409,0.100352,0.386743,0.308803
cg11223735,OpenSea,Body,FALSE,0.286928,0.503694,0.299699,0.154126,0.0533222,0.157511,0.15866,0.089153,0.498292,0.428963,0.379878,0.3186,0.0761728,0.0911765,0.55407,0.0865333,0.0459909,0.049535,0.105528,0.0446234,0.354101,0.176772,0.453769,0.264844,0.717411,0.372612,0.0766578,0.410702,0.357848,0.035825,0.42234,0.222605,0.191003,0.216047,0.459329,0.412562
cg13007824,OpenSea,Body,FALSE,0.870045,0.862581,0.880018,0.894598,0.834041,0.866146,0.79363,0.701959,0.879805,0.88981,0.867835,0.851427,0.858847,0.867801,0.885656,0.606767,0.262149,0.434159,0.770972,0.573789,0.871649,0.87105,0.673202,0.902546,0.8916,0.830032,0.20421,0.891512,0.785345,0.53832,0.889585,0.89071,0.829798,0.84487,0.832171,0.845004
cg00904483,OpenSea,Body,FALSE,0.715501,0.805685,0.381671,0.57297,0.338636,0.434909,0.426654,0.167608,0.750987,0.771931,0.541053,0.572212,0.550237,0.554488,0.835083,0.386947,0.168815,0.0331139,0.146519,0.0423094,0.426924,0.630338,0.552873,0.720176,0.810843,0.717852,0.114166,0.485931,0.686198,0.0670004,0.743367,0.729275,0.562627,0.636393,0.722014,0.656692
cg10036895,OpenSea,Body,FALSE,0.736492,0.814447,0.791834,0.79211,0.807026,0.815593,0.810344,0.796138,0.755649,0.81745,0.813544,0.792471,0.815378,0.800446,0.832173,0.808116,0.612568,0.476748,0.769194,0.458118,0.824566,0.849208,0.773581,0.768932,0.702411,0.795434,0.642778,0.78834,0.781788,0.721457,0.781415,0.866778,0.804615,0.82018,0.830955,0.732024
cg23239690,OpenSea,Body,FALSE,0.489106,0.354906,0.847707,0.537746,0.420383,0.49092,0.530528,0.214033,0.884426,0.655307,0.514331,0.575629,0.786256,0.765125,0.824682,0.191234,0.0853612,0.0673929,0.337467,0.0841004,0.0821814,0.675473,0.355864,0.339902,0.861774,0.733839,0.497043,0.416031,0.513646,0.0721439,0.153693,0.833293,0.393103,0.630241,0.734052,0.349955
cg16698623,OpenSea,Body,FALSE,0.516621,0.616509,0.170855,0.275494,0.0611513,0.158834,0.108611,0.0974103,0.754708,0.813285,0.258462,0.295215,0.088175,0.13334,0.830816,0.101651,0.0630427,0.0406412,0.169702,0.0546674,0.602103,0.37319,0.572862,0.423027,0.869111,0.172671,0.122514,0.487354,0.544922,0.0447295,0.772669,0.338239,0.411115,0.247408,0.496914,0.392463
cg09450835,N_Shore,TSS1500,FALSE,0.0813233,0.377227,0.121854,0.0648392,0.0618007,0.0985907,0.0742196,0.0723801,0.713007,0.722297,0.0716104,0.172601,0.0807049,0.125521,0.762415,0.0726887,0.0524823,0.053047,0.27722,0.0478979,0.58149,0.235105,0.322064,0.567859,0.802435,0.64617,0.0516389,0.749826,0.486399,0.0459486,0.26539,0.0927341,0.276798,0.0659424,0.432873,0.619698
cg10455718,OpenSea,Body,FALSE,0.451495,0.568143,0.366345,0.254229,0.0259865,0.269681,0.214237,0.163052,0.677206,0.794701,0.3344,0.271559,0.13219,0.148672,0.807168,0.0788741,0.0533831,0.0704124,0.0950514,0.0796147,0.0771671,0.289997,0.0875814,0.411127,0.542582,0.544796,0.0488096,0.199547,0.434796,0.0625371,0.0602161,0.426771,0.244267,0.0989098,0.5292,0.172978
cg14684137,OpenSea,Body,FALSE,0.068352,0.353277,0.123856,0.0812315,0.0523469,0.0877968,0.0635229,0.0672908,0.149964,0.2644,0.0663731,0.0808449,0.0826738,0.130593,0.331396,0.0650828,0.0515085,0.0463257,0.122524,0.0576615,0.0549747,0.160046,0.0909163,0.0851424,0.795385,0.253728,0.0442822,0.408923,0.493473,0.0319927,0.103829,0.0700977,0.155949,0.0590144,0.111865,0.233395
cg03639152,OpenSea,Body,FALSE,0.789254,0.847285,0.78431,0.811512,0.696198,0.750452,0.651376,0.631683,0.767324,0.75571,0.792153,0.805977,0.734279,0.743442,0.805692,0.575637,0.219721,0.122975,0.667192,0.166918,0.594998,0.818214,0.788108,0.805496,0.778754,0.834176,0.756018,0.840328,0.754086,0.66309,0.784724,0.823856,0.643114,0.778218,0.846145,0.842921
cg07554771,OpenSea,Body,FALSE,0.708298,0.669997,0.76944,0.46907,0.164982,0.458273,0.311771,0.161876,0.773033,0.794882,0.567828,0.680215,0.373765,0.441225,0.841481,0.085888,0.135365,0.0615227,0.215928,0.152852,0.239929,0.578472,0.401758,0.34203,0.79788,0.608316,0.710674,0.854332,0.828168,0.0791899,0.811564,0.76133,0.79389,0.238028,0.545398,0.656291
cg18038372,OpenSea,Body,FALSE,0.450479,0.508668,0.393175,0.498299,0.203275,0.60923,0.421277,0.36619,0.425226,0.518874,0.64348,0.522138,0.511608,0.543317,0.500414,0.650051,0.363302,0.304032,0.235558,0.382991,0.202698,0.635251,0.453992,0.322259,0.447693,0.609596,0.55568,0.584898,0.366554,0.317923,0.448462,0.611705,0.635629,0.541429,0.561355,0.444486
cg15658262,OpenSea,Body,FALSE,0.598641,0.828065,0.852844,0.841282,0.465053,0.835455,0.833903,0.867006,0.86788,0.860493,0.852279,0.822575,0.616661,0.635905,0.885889,0.700458,0.141235,0.0913436,0.425969,0.0783632,0.928203,0.8382,0.839536,0.794809,0.879425,0.831104,0.827383,0.862087,0.756773,0.792508,0.855191,0.796088,0.75213699999999994,0.749798,0.811789,0.857433
cg06095790,OpenSea,Body,FALSE,0.635439,0.898156,0.621713,0.48315,0.105484,0.485052,0.504652,0.262218,0.85859,0.874825,0.872758,0.867997,0.648938,0.695079,0.89523,0.373423,0.0941567,0,0.475493,0.0710774,0.801728,0.818185,0.794446,0.852373,0.879823,0.839188,0.501481,0.905726,0.86432,0.0187252,0.867416,0.886901,0.804398,0.896333,0.837448,0.747301
cg06216683,OpenSea,Body,FALSE,0.349609,0.78697,0.743061,0.672531,0.103707,0.565793,0.544524,0.488875,0.775789,0.611588,0.775562,0.631423,0.081724,0.169439,0.876474,0.0875926,0.047941,0.0608426,0.380606,0.0681491,0.630018,0.738803,0.608416,0.71937,0.832323,0.72832,0.0821553,0.82576,0.581306,0.0285694,0.789112,0.790478,0.699915,0.467235,0.731339,0.721579
cg09858782,OpenSea,Body,FALSE,0.313236,0.60166,0.218904,0.154389,0.121985,0.335182,0.109194,0.0801708,0.575056,0.62194,0.309579,0.264663,0.15517,0.23316,0.784818,0.0707018,0.0376005,0.0451425,0.0907457,0.0490488,0.284041,0.350764,0.577406,0.528405,0.749556,0.545016,0.0924969,0.475311,0.438238,0.0293892,0.0808743,0.324295,0.146717,0.297062,0.52878,0.464507
cg17307615,OpenSea,Body,FALSE,0.417553,0.656721,0.455723,0.629566,0.453566,0.635886,0.496206,0.381528,0.328232,0.453269,0.55533,0.68121,0.601705,0.588107,0.701211,0.613018,0.075806,0.164704,0.491665,0,0.208148,0.623734,0.544309,0.638165,0.508362,0.697368,0.560302,0.733916,0.645059,0.204929,0.56403,0.732076,0.589786,0.671851,0.49966,0.559151
cg03271907,OpenSea,Body,FALSE,0.334998,0.87573,0.88162,0.897926,0.227313,0.882975,0.901789,0.631952,0.865362,0.873973,0.862718,0.856398,0.490175,0.522348,0.877746,0.441552,0.348353,0.252232,0.362143,0.122481,0.804307,0.868694,0.79845,0.864619,0.883925,0.865343,0.806428,0.898979,0.669607,0.532554,0.887462,0.900354,0.827007,0.867551,0.863289,0.873905
cg18594706,OpenSea,Body,FALSE,0.520131,0.635258,0.201501,0.259312,0.0468076,0.192729,0.202631,0.371848,0.748866,0.819794,0.12944,0.155462,0.105132,0.187784,0.821568,0.0680917,0.0557395,0.0448574,0.159092,0.0520741,0.650763,0.342139,0.63136,0.227503,0.858102,0.649106,0.0485762,0.492163,0.654787,0.0586816,0.79969,0.093088,0.263381,0.280125,0.709348,0.631072
cg15441483,OpenSea,Body,FALSE,0.612321,0.818218,0.785555,0.395935,0.0461474,0.108774,0.0923559,0.0975927,0.807513,0.808493,0.630189,0.585704,0.094762,0.246238,0.886932,0.3431,0.0476762,0.04568,0.311074,0.0676464,0.907381,0.681151,0.521196,0.810157,0.868955,0.794487,0.13296,0.557212,0.863156,0.0311409,0.806174,0.353023,0.740652,0.415452,0.78073,0.735981
cg25557018,OpenSea,Body,FALSE,0.306147,0.438215,0.63751,0.372692,0.368171,0.343552,0.174636,0.133536,0.183526,0.470402,0.283271,0.306134,0.100198,0.124795,0.796553,0.358288,0.07301,0.087754,0.303128,0.0810615,0.0717689,0.334878,0.0593988,0.345397,0.745061,0.575509,0.0710138,0.8089,0.225333,0.410645,0.109996,0.560472,0.539023,0.579637,0.545,0.253235
cg02381948,OpenSea,Body,FALSE,0.778815,0.821822,0.567316,0.877352,0.787587,0.859074,0.855569,0.831201,0.766446,0.837198,0.631969,0.580428,0.848829,0.879578,0.817845,0.686341,0.315222,0.0896402,0.552607,0.186293,0.884034,0.86475900000000006,0.82214,0.694595,0.81272200000000006,0.834699,0.818935,0.885004,0.859405,0.81518,0.860049,0.794199,0.793803,0.781764,0.770621,0.763201
cg19126889,OpenSea,3'UTR,FALSE,0.897424,0.864733,0.86979,0.846885,0.822468,0.846753,0.85988,0.861819,0.872691,0.884151,0.860442,0.828438,0.80466,0.807226,0.877457,0.685199,0.174914,0.101671,0.465825,0.587879,0.917228,0.871993,0.863085,0.83138,0.884552,0.880454,0.836694,0.864705,0.901447,0.528969,0.879293,0.880138,0.856069,0.874066,0.874708,0.872127
cg08883995,OpenSea,Body,FALSE,0.769437,0.786161,0.769604,0.621973,0.157961,0.62941,0.562072,0.51315,0.69932,0.724592,0.798366,0.740335,0.572005,0.638265,0.801357,0.674087,0.115609,0.063463,0.463788,0.0970746,0.475246,0.773159,0.730906,0.731144,0.764062,0.774811,0.34679,0.469625,0.811018,0.438869,0.809081,0.717335,0.790809,0.662636,0.804609,0.730013
cg27000233,OpenSea,Body,FALSE,0.767842,0.709121,0.459127,0.0837342,0.0583365,0.0924085,0.156793,0.0807077,0.70705,0.75007,0.501272,0.415469,0.076649,0.101442,0.750144,0.0975966,0.0517001,0.0615992,0.191917,0.205563,0.65657,0.429647,0.595538,0.233949,0.779175,0.446539,0.107385,0.76977,0.626936,0.0597785,0.65946,0.455721,0.201028,0.415768,0.491659,0.501423
cg24420981,N_Shore,TSS1500,FALSE,0.44675,0.674043,0.501147,0.261048,0.41036,0.389219,0.553545,0.502615,0.816955,0.803223,0.614927,0.751728,0.374819,0.392574,0.848184,0.610058,0.166674,0.0818063,0.382997,0.119203,0.404629,0.718396,0.445775,0.383526,0.355856,0.789242,0.12099,0.814522,0.258945,0.0761459,0.496653,0.635209,0.402479,0.626406,0.752298,0.775017
cg11235543,OpenSea,Body,FALSE,0.587517,NA,0.781551,0.780712,0.0874688,0.743943,0.759113,NA,0.720685,0.715006,0.302398,0.461167,0.740166,0.770138,0.769597,0.704858,0.441872,0.186683,0.242241,0.289164,0.716129,0.785328,0.333649,0.574743,0.743993,0.694739,0.672234,0.790998,0.62537,0.355749,0.727955,0.744178,0.776356,0.216928,0.742547,0.763036
cg24755725,OpenSea,Body,FALSE,0.15236,0.399883,0.165514,0.174059,0.0944582,0.140463,0.202167,0.100964,0.595639,0.535367,0.287105,0.199125,0.0640763,0.119361,0.731893,0.0804901,0.0538336,0.0578237,0.196707,0.0455356,0.065366,0.162765,0.420116,0.326958,0.850426,0.502114,0.0475602,0.372574,0.56573,0.0477242,0.234078,0.137206,0.252926,0.1092,0.566105,0.421403
cg20778669,OpenSea,Body,FALSE,0.692814,0.863079,0.551514,0.78423,0.505818,0.77486,0.756046,0.323861,0.707738,0.734111,0.862253,0.803279,0.423392,0.51216,0.891634,0.439527,0.15969,0.0805902,0.461207,0.043387,0.844288,0.783247,0.683064,0.815987,0.780533,0.773991,0.0808075,0.810427,0.638478,0.0677583,0.816632,0.785215,0.580977,0.745058,0.800861,0.72716
cg22735742,OpenSea,Body,FALSE,0.104773,0.55605,0.233742,0.282802,0.0623031,0.425196,0.411753,0.172474,0.522132,0.652457,0.294468,0.189315,0.129111,0.160218,0.591286,0.078392,0.0437671,0.0518195,0.154511,0.0452835,0.516125,0.232114,0.493975,0.292467,0.842224,0.340753,0.0545746,0.735573,0.513353,0.0454117,0.421355,0.321208,0.156826,0.0945177,0.427263,0.526515
cg14535021,OpenSea,Body,FALSE,0.667368,0.717386,0.622254,0.249003,0.126403,0.297523,0.268729,0.140437,0.668478,0.727577,0.684925,0.666986,0.433378,0.401522,0.809804,0.324316,0.0638491,0.0366014,0.251119,0.0456373,0.281587,0.643592,0.571499,0.299462,0.796054,0.641729,0.341348,0.799837,0.643707,0.0236471,0.767627,0.541381,0.418367,0.368105,0.53793,0.649367
cg16259047,OpenSea,Body,FALSE,0.813059,0.748602,0.85103,0.465578,0.735365,0.381682,0.43195,0.490144,0.844607,0.856528,0.864816,0.851108,0.834416,0.855305,0.844009,0.122511,0.0349686,0.0404683,0.379551,0.0424015,0.87128,0.812496,0.690225,0.805565,0.895396,0.839295,0.44578,0.52906,0.628124,0.309884,0.869761,0.68039,0.728566,0.78962,0.82507,0.771039
cg14475381,OpenSea,Body,FALSE,0.210136,0.450533,0.422489,0.475188,0.162298,0.188754,0.350325,0.0885476,0.480746,0.42993,0.184601,0.198904,0.0825924,0.157531,0.679059,0.0704264,0.0631487,0.0960713,0.267477,0.12049,0.390878,0.508397,0.132965,0.14364,0.675339,0.381917,0.141514,0.446992,0.187679,0.118478,0.120233,0.436253,0.509395,0.129242,0.481434,0.506086
cg06831408,OpenSea,Body,FALSE,0.80361,0.790022,0.774929,0.839691,0.761193,0.817443,0.816564,0.790783,0.783357,0.790452,0.802818,0.832481,0.226055,0.268699,0.809383,0.674341,0.269378,0.151326,0.724162,0.224733,0.702478,0.821874,0.798052,0.782434,0.744323,0.837816,0.696448,0.831967,0.805206,0.0878512,0.72776,0.738459,0.801898,0.77954,0.753923,0.736655
cg18651291,OpenSea,Body,FALSE,0.715768,0.820857,0.837102,0.812869,0.563851,0.650952,0.7084,0.314595,NA,0.897565,0.702567,0.67918,0.67422,0.728435,0.902798,0.684506,0.235818,0.179259,0.586967,0.330066,0.917914,0.789374,0.849544,0.840111,0.926107,0.822747,0.727287,0.756927,0.708048,0.25024,0.885164,0.816374,0.796837,0.743349,0.78984,0.893115
cg02792401,OpenSea,Body,FALSE,0.821472,0.776104,0.777203,0.576623,0.122052,0.32911,0.375098,0.44846,0.798738,0.830451,0.880577,0.806954,0.615463,0.624483,0.831704,0.354127,0.138089,0.0998276,0.650156,0.164527,0.786685,0.6921,0.745548,0.783146,0.870761,0.846067,0.420219,0.822416,0.844573,0.316418,0.760052,0.727339,0.769305,0.715031,0.7193,0.789
cg02634492,OpenSea,Body,FALSE,0.732003,0.567846,0.734165,0.336134,0.0510909,0.161944,0.144356,0.0580928,0.699561,NA,0.801163,0.823457,0.299091,0.308685,0.837219,0.414773,0.0756394,0.151891,0.535327,0.0402331,0.542683,0.788714,0.714358,0.505675,0.710925,0.810766,0.496072,0.817542,0.768525,0.442328,0.746589,0.684802,0.691848,0.59785,0.754088,0.732741
cg04621100,OpenSea,Body,FALSE,0.764064,0.660658,0.782626,0.739685,0.120927,0.78082,0.740382,0.665474,0.683881,0.655217,0.765534,0.728848,0.725996,0.758684,0.765802,0.402345,0.0786775,0.158171,0.349497,0.0936088,0.369801,0.61566,0.536237,0.740259,0.703029,0.785529,0.741061,0.51348800000000006,0.103589,0.279282,0.769859,0.816355,0.749823,0.775389,0.793938,0.612217
cg27275103,OpenSea,Body,FALSE,0.848233,0.819438,0.08519,0.822313,0.484328,0.841374,0.791217,0.747782,0.750373,0.837437,0.641917,0.666812,0.812092,0.803078,0.847697,0.309332,0.235504,0.0511211,0.556488,0.0886355,0.637885,0.845018,0.165384,0.824947,0.776043,0.0130954,0.452983,0.864767,0.838507,0.0344333,0.83286,0.84819,0.476381,0.823617,0.489791,0.779737
cg23365905,OpenSea,Body,FALSE,0.420756,0.597302,0.689157,0.287474,0.0834181,0.447705,0.301226,0.529625,0.506703,0.709962,0.429994,0.516629,0.10217,0.186163,0.819167,0.093711,0.0482579,0.102184,0.245193,0.0698107,0.213832,0.510294,0.366402,0.56478,0.828172,0.72835,0.107134,0.543855,0.597668,0.0462576,0.663168,0.466381,0.661801,0.382563,0.719963,0.57563
cg02330106,N_Shore,TSS1500,TRUE,0.828775,0.814435,0.832907,0.826078,0.477558,0.831443,0.82909,0.64509,0.825595,0.833908,0.800462,0.794346,0.753652,0.77819,0.741756,0.808312,0.267715,0.610431,0.467655,0.456111,0.866417,0.674042,0.797131,0.687919,0.811364,0.814539,0.745013,0.838573,0.589494,0.820057,0.834802,0.811222,0.680067,0.815574,0.80227,0.603412
cg05972792,OpenSea,Body,FALSE,0.128522,0.553446,0.731472,0.432068,0.104277,0.605764,0.402004,0.416508,0.690403,0.678334,0.620205,0.687547,0.741054,0.768104,0.846349,0.489428,0.175994,0.196714,0.140999,0.0833408,0.289363,0.639068,0.275702,0.770412,0.766114,0.794644,0.804845,0.79239,0.747713,0.0824283,0.13682,0.546085,0.480103,0.494238,0.643025,0.504295
cg27483317,OpenSea,Body,FALSE,0.532956,0.666203,0.67139,0.291517,0.0635918,0.165597,0.166181,0.327939,0.669784,0.698777,0.495921,0.444053,0.212142,0.19557,0.711037,0.181614,0.0534394,0.0929868,0.205762,0.0690557,0.623991,0.431661,0.56617,0.477692,0.707367,0.632323,0.19391,0.516632,0.572955,0.0512558,0.704415,0.445993,0.363481,0.526416,0.617982,0.613655
cg00657202,OpenSea,Body,FALSE,0.159302,0.586618,0.408316,0.237685,0.168012,0.199649,0.323546,0.1003,0.636487,0.612065,0.321527,0.404955,0.0708334,0.0796197,0.701819,0.0686352,0.0531663,0.0739648,0.177879,0.0579773,0.207253,0.340255,0.475898,0.451548,0.630722,0.541606,0.0317942,0.370697,0.43435,0.048665,0.362697,0.323454,0.234003,0.152516,0.44991,0.508529
cg15381609,OpenSea,Body,FALSE,0.778844,0.810333,0.858867,0.772364,0.452865,0.607884,0.738087,0.735432,0.815469,0.825793,0.787153,0.671978,0.577457,0.550887,0.822857,0.459916,0.186337,0.0745663,0.525863,0.233061,0.637623,0.735443,0.755238,0.812861,0.857827,0.814179,0.808879,0.866568,0.713946,0.79333,0.845812,0.732398,0.810368,0.772217,0.679954,0.675886
cg27112081,OpenSea,Body,FALSE,0.628356,0.757137,0.537488,0.490733,0.681343,0.629207,0.535078,0.705987,0.649245,0.59142,0.60942,0.735619,0.201315,0.262882,0.82415,0.657652,0.207783,0.322911,0.527847,0.121213,0.62285,0.728094,0.734887,0.813351,0.830702,0.761841,0.46719,0.823329,0.685874,0.124869,0.612795,0.690104,0.765579,0.650792,0.762194,0.716178
cg22939703,OpenSea,Body,FALSE,0.661727,0.434693,0.27723,0.0024751,0.344079,0.0895329,0.1023,0.0467138,0.418087,0.414484,NA,0.530031,0.180104,0.168335,0.688226,0.486348,0.0751619,0,0.201667,0,0.4564,0.561539,0.591408,0.676344,0.508919,0.604247,0.353844,0.69244000000000006,0.538256,0.0764986,0.429738,0.616184,0.22916,0.598892,0.647369,0.587917
cg19680672,OpenSea,Body,FALSE,0.0500369,0.305468,0.0618168,0.0697183,0.0416693,0.124074,0.0695331,0.0975083,0.3602,0.565294,0.0500304,0.0513605,0.0640156,0.0655124,0.47269,0.0462425,0.0395422,0.0447011,0.113918,0.0515394,0.0550167,0.169597,0.0830614,0.0882509,0.868004,0.257021,0.0562477,0.391398,0.683314,0.0565405,0.178546,0.0836288,0.152062,0.0632956,0.469456,0.386022
cg07448909,OpenSea,Body,FALSE,0.488618,0.675464,0.435837,0.312066,0.370455,0.394724,0.500174,0.553535,0.577227,0.553914,0.697643,0.672892,0.432451,0.399646,0.761151,0.429606,0.166193,0.0888079,0.235907,0.178052,0.142166,0.617212,0.218864,0.70237,0.688772,0.74043,0.673376,0.425082,0.596093,0.374401,0.353163,0.694823,0.756275,0.669434,0.496722,0.59098
cg15312358,OpenSea,Body,FALSE,0.414886,0.818573,0.862506,0.610932,0.248588,0.421736,0.597665,0.243543,0.82876,0.836488,0.833061,0.787749,0.130141,0.197508,0.892724,0.0774527,0.0793499,0.039938,0.170599,0.0377255,0.786694,0.754511,0.693719,0.863796,0.904625,0.841196,0.181971,0.876899,0.847419,0.129214,0.83584,0.791038,0.54444,0.35915,0.815443,0.811307
cg16648911,OpenSea,Body,FALSE,0.1819,0.517812,0.443478,0.660431,0.244831,0.540316,0.520403,0.28765,0.723612,0.745518,0.401713,0.429509,0.187339,0.258895,0.543712,0.111626,0.0627561,0.0898131,0.315325,0.0634945,0.0578496,0.275832,0.440997,0.250666,0.887488,0.662286,0.0669638,0.535317,0.641225,0.0582728,0.452877,0.451928,0.50286,0.419583,0.667482,0.71113
cg18453665,OpenSea,Body,FALSE,0.0288868,0.157861,0.0791268,0.13229,0.130959,0.0582197,0,0.102634,0.473878,0.584655,0.266447,0.265652,0.127467,0.0573162,0.773748,0.0399722,0,0.0493728,0.0435242,0.110654,0.163905,0.335097,0.581209,0.0807469,0.634175,0.458551,0.0336086,0.465789,0.259564,0.0651513,0.243363,0.0851992,0.168386,0,0.469181,0.377282
cg25394042,OpenSea,Body,FALSE,0.0548264,0.184511,0.0542055,0.0859701,0.0368326,0.0814802,0.0623431,0.0852179,0.605496,0.688883,0.0529575,0.0775686,0.0402303,0.046015,0.480321,0.0685153,0.0408664,0.0414804,0.115885,0.0356618,0.0394023,0.136483,0.0860596,0.328564,0.882357,0.6126,0.0357284,0.463946,0.548787,0.0351866,0.0420701,0.056589,0.185927,0.0421034,0.484695,0.473635
cg25063211,OpenSea,Body,FALSE,0.0988526,NA,0.296685,NA,0.0617835,NA,0.192085,0.124754,0.594876,0.608808,0.174258,0.0757579,0.0999724,0.151606,0.543941,NA,0.0467534,0.0778088,0.205212,0.0541461,0,0.370566,0.078173,NA,0.81314,0.0381834,0.0733013,0.721088,NA,0.0696743,0.087263,0.185005,0.2238,0.129617,0.34334,0.497554
cg07828472,OpenSea,Body,FALSE,0.57062,0.337642,0.686849,0.508097,0.166777,0.434781,0.388637,0.136114,0.317638,0.395389,0.156928,0.131989,0.247701,0.145597,0.778315,0.0830915,0.0985713,0.0788407,0.171678,0.0607967,0.124093,0.519888,0.514309,0.747155,0.530902,0.50361,0.0635083,0.716725,0.164614,0.033401,0.546159,0.268461,0.271278,0.274588,0.696454,0.361803
cg18460575,OpenSea,Body,FALSE,0.743234,0.746645,0.746939,0.398021,0.598445,0.376503,0.339754,0.352705,0.756828,0.524022,0.666836,0.648562,0.407402,0.329144,0.791797,0.240735,0.0574889,0.0386666,0.260256,0.0378265,0.639094,0.566036,0.609163,0.381703,0.848122,0.704175,0.30479,0.489718,0.493063,0.359005,0.597917,0.620457,0.578056,0.634487,0.669902,0.691314
cg03748042,OpenSea,Body,FALSE,0.420155,0.481878,0.652316,0.563837,0.150335,0.234201,0.417395,0.175013,0.689593,0.750403,0.357589,0.33124,0.334546,0.398995,0.793291,0.129735,0.0762829,0.0788977,0.267327,0.0707605,0.395056,0.396244,0.34136,0.294828,0.730777,0.560877,0.389035,0.420237,0.511056,0.0793805,0.380367,0.608696,0.509601,0.525057,0.555786,0.354762
cg00149734,OpenSea,Body,FALSE,0.722893,0.834021,0.845222,0.747854,0.740488,0.830528,0.816367,0.835818,0.832828,0.835491,0.832477,0.766191,0.715252,0.767919,0.870475,0.580538,0.218834,0.143901,0.552993,0.461807,0.730578,0.643872,0.746952,0.790003,0.856125,0.761473,0.63442,0.860242,0.775148,0.53454,0.855533,0.848696,0.818659,0.805619,0.784365,0.758229
cg04540870,OpenSea,Body,FALSE,0.780446,0.811221,0.862706,0.849284,0.195477,0.603443,0.633092,0.759925,0.83976,0.844292,0.759879,0.769874,0.624791,0.570632,0.831615,0.363572,0.185225,0.121727,0.37921,0.166143,0.315691,0.544709,0.262672,0.813447,0.748998,0.804844,0.440189,0.829146,0.495216,0.446802,0.352735,0.639337,0.661753,0.453971,0.723905,0.443565
cg18148349,OpenSea,Body,FALSE,0.404386,0.545541,0.276607,0.107539,0.0518251,0.0938038,0.173621,0.113536,0.615845,0.678628,0.355877,0.337553,0.145579,0.147577,0.790402,0.143518,0.0382126,0.0514734,0.150205,0.0407812,0.181342,0.359223,0.432225,0.359578,0.756949,0.546914,0.174603,0.52629,0.541443,0.0577363,0.233195,0.494887,0.549585,0.39174,0.25361,0.379178
cg18862686,OpenSea,Body,FALSE,0.785618,0.778522,0.831498,0.590883,0.514732,0.59265,0.594742,0.776101,0.769611,0.826212,0.791565,0.817321,0.736462,0.763779,0.779127,0.365559,0.33946,0.191188,0.44558,0.236641,0.834949,0.803687,0.608367,0.804266,0.838341,0.791622,0.14651,0.562324,0.824537,0.0495433,0.786201,0.764928,0.719136,0.768611,0.780098,0.8128
cg10333959,OpenSea,Body,FALSE,0.43193,0.764355,0.509335,0.81997,0.423622,0.804022,0.592265,0.754211,0.687428,0.73565,0.573656,0.468539,0.575119,0.604183,0.687008,0.251919,0.24493,0.097402,0.395057,0.132866,0.650442,0.664097,0.643817,0.629269,0.824927,0.745137,0.359155,0.810359,0.404642,0.231475,0.862742,0.513423,0.671309,0.411324,0.773673,0.699461
cg11302655,OpenSea,Body,FALSE,0.858907,0.833129,0.789409,0.62535,0.621872,0.539991,0.733595,0.785345,0.882868,0.867102,0.783706,0.775976,0.700751,0.71704,0.856356,0.193196,0.219924,0.0867565,0.430738,0.0830686,0.776614,0.655392,0.639329,0.807399,0.845101,0.812165,0.387412,0.847978,0.85831,0.588579,0.663872,0.770682,0.629483,0.800331,0.791265,0.794245
cg24580056,OpenSea,Body,FALSE,0.879534,0.87388,0.884115,0.883082,0.859623,0.890957,0.87895,0.879429,0.834345,0.851048,0.926656,0.875137,0.395469,0.437773,0.89087,0.615785,0.0584966,0.065827,0.79883,0.531361,0.888384,0.905259,0.881595,0.895377,0.864345,0.894733,0.845396,0.903434,0.875911,0.883993,0.895822,0.888512,0.908791,0.774784,0.873012,0.876331
cg25946389,Island,TSS1500,TRUE,0.531101,0.654283,0.855508,0.854013,0.761103,0.539817,0.493024,0.811599,0.306378,0.349317,0.80706,0.734533,0.581203,0.646349,0.563281,0.386888,0.392515,0.30061,0.675904,0.431761,0.323983,0.352614,0.759576,0.589353,0.178164,0.838718,0.397885,0.83539,0.469062,0.573352,0.87667,0.43553,0.851388,0.877226,0.482274,0.352969
cg09473524,OpenSea,Body,FALSE,NA,NA,0.368496,0.0752911,0.0424089,0.0718228,0.0886002,0.0993373,NA,0.630153,NA,0.262454,0.0511547,0.0954089,0.652105,0.0404435,0.0416144,0.083226,0.101176,0.0622972,0.069819,0.383233,0.586306,0.0827501,0.785366,0.61289,0.0675149,NA,0.575397,0.0296817,0.764601,NA,0.102701,0.137984,0.510347,0.595258
cg11419150,OpenSea,Body,FALSE,0.855647,0.846879,0.866838,0.649935,0.455388,0.463386,0.638947,0.618586,0.832025,0.83439,0.863394,0.837243,0.471187,0.437481,0.868279,0.174809,0.0936218,0.313875,0.535716,0.21309,0.781405,0.806631,0.757752,0.834912,0.871715,0.854998,0.496103,0.866579,0.874116,0.0522146,0.86677,0.765598,0.841215,0.862883,0.774796,0.812025
cg26102564,OpenSea,Body,FALSE,0.380338,0.670034,0.434124,0.398158,0.269873,0.438329,0.391498,0.481403,0.784985,0.797279,0.290341,0.352336,0.107281,0.125158,0.869633,0.0760571,0.0750304,0.0396838,0.202481,0.0468942,0.0416797,0.316835,0.123808,0.422963,0.666001,0.3323,0.119727,0.533503,0.545398,0.0443639,0.834647,0.365383,0.401345,0.0730913,0.24909800000000001,0.465178
cg00153756,OpenSea,Body,FALSE,0.765763,0.754824,0.209503,0.130049,0.063213,0.125345,0.104801,0.098581,0.685939,0.770969,0.344045,0.291335,0.0750647,0.0804833,0.846819,0.105498,0.0434346,0.0699591,0.0517319,0.0312345,0.133649,0.44182,0.37709,0.425615,0.811083,0.339919,0.319088,0.474167,0.711374,0.0772817,0.0742261,0.254498,0.173695,0.321813,0.0921589,0.481787
cg02750154,OpenSea,Body,FALSE,0.493779,0.690604,0.629379,0.602583,0.100773,0.416734,0.487623,0.262928,0.760072,0.824484,0.711554,0.727616,0.349145,0.36184,0.534978,0.247452,0.121237,0.0541638,0.0782622,0.0856829,0.312938,0.646844,0.715391,0.776177,0.846401,0.716198,0.0674314,0.52036,0.506304,0.0612394,0.51252,0.444839,0.328992,0.230828,0.71745,0.686652
cg17631971,OpenSea,Body,FALSE,0.552398,0.705341,0.657707,0.347977,0.345119,0.346628,0.321391,0.382987,0.550716,0.674513,0.594518,0.601943,0.294918,0.315538,0.810784,0.273668,0.0652904,0.0827792,0.217553,0.0799496,0.369155,0.433289,0.628209,0.783845,0.717469,0.678491,0.0644526,0.801805,0.734985,0.651751,0.442792,0.285722,0.459212,0.532969,0.606517,0.657503
cg14962336,OpenSea,Body,FALSE,0.234472,0.672278,0.679001,0.45955,0.0812948,0.375161,0.163994,0.150731,0.729955,0.743825,0.444426,0.444763,0.133707,0.233241,0.820389,0.0755869,0.049125,0.0350389,0.33151,0.0500746,0.474896,0.513141,0.627591,0.382779,0.842738,0.64011,0.336462,0.748002,0.585445,0.0369604,0.828773,0.680672,0.377547,0.573561,0.688022,0.67392
cg18502933,OpenSea,Body,FALSE,0.217453,0.216332,0.188621,0.27721,0.115729,0.354134,0.160358,0.171689,0.622865,0.499813,0.296366,0.330287,0.337857,0.29375,0.819861,0.0963165,0.0626391,0.0595471,0.248055,0.045467,0.726399,0.334843,0.440722,0.521784,0.780588,0.545484,0.290918,0.290144,0.546808,0.0737031,0.398558,0.26854,0.216541,0.25455,0.334451,0.46656
cg17083390,OpenSea,Body,FALSE,0.140907,0.696987,0.391611,0.387934,0.0778439,0.26554,0.420735,0.187569,0.723856,0.74725,0.486259,0.375403,0.476714,0.563316,0.722806,0.0819316,0.0496626,0.0449056,0.353917,0.0722919,0.0393461,0.629149,0.438578,0.474699,0.87602,0.677149,0.105297,0.839433,0.645864,0.0566842,0.517753,0.188932,0.719544,0.16525,0.690483,0.640811
cg05611777,OpenSea,Body,FALSE,0.738722,0.780718,0.848599,0.824871,0.144585,0.802488,0.787162,0.572324,0.775995,0.842654,0.830468,0.787606,0.144998,0.194796,0.867927,0.444358,0.231971,0.0413029,0.177309,0.0782969,0.844063,0.667575,0.476175,0.803969,0.832709,0.805579,0.128868,0.523019,0.542149,0.114919,0.854481,0.747989,0.780756,0.743435,0.719652,0.511729
cg03451508,OpenSea,Body,FALSE,0.572575,0.828588,0.782389,0.624424,0.691838,0.460031,0.427856,0.536177,0.7598,0.803422,0.791493,0.793573,0.475798,0.431438,0.852925,0.203021,0.223089,0.143881,0.57964,0.318879,0.628105,0.805999,0.649735,0.843525,0.849386,0.802609,0.35018,0.844109,0.815346,0.475909,0.798632,0.740892,0.804625,0.301896,0.699485,0.721501
cg14677612,N_Shore,TSS1500,FALSE,0.0211506,0.481476,0.0436441,0.0165623,0.0417869,0.0318595,0.0473429,0.0558822,0.688506,0.695828,0.187772,0.173014,0.0686804,0.056665,0.675214,0.0257352,0.0246368,0.0307536,0.115102,0.0505088,0.0328968,0.0576638,0.0589035,0.450559,0.802049,0.563594,0.0536818,0.399346,0.469697,0.0309727,0.0626559,0.0254463,0.084784,0.0589572,0.350229,0.611954
cg09993459,N_Shore,TSS1500,FALSE,0.362352,0.63676,0.299069,0.363983,0.0700224,0.264687,0.264983,0.0997198,0.749786,0.77362,0.703865,0.525751,0.108304,0.167189,0.83928,0.252786,0.033394,0.0448281,0.330568,0.0582777,0.541353,0.542724,0.596113,0.766085,0.759592,0.756401,0.0516104,0.782913,0.547133,0.0576823,0.373914,0.296683,0.372324,0.133657,0.543118,0.70261
cg15555898,OpenSea,Body,FALSE,0.0537799,0.332376,0.241586,0.0605359,0.0484759,0.0553545,0.0651613,0.045276,0.335117,0.576963,0.0746036,0.0444393,0.0507573,0.0900302,0.298742,0.0713377,0.0292502,0.0417562,0.166833,0.0331067,0.0707213,0.280412,0.567753,0.0608772,0.856312,0.281647,0.0482994,0.442378,0.505355,0.0307749,0.443352,0.122576,0.214609,0.0583937,0.14321,0.502972
cg13474692,OpenSea,Body,FALSE,0.778263,0.711933,0.592315,0.818364,0.499132,0.635844,0.7757,0.560574,0.819165,0.834595,0.788225,0.656858,0.778715,0.757586,0.882193,0.55874,0.345063,0.129288,0.642841,0.289045,0.496679,0.839393,0.625947,0.811274,0.884982,0.796967,0.585096,0.525365,0.693399,0.464642,0.618408,0.8241,0.736342,0.775474,0.777166,0.819168
cg03356545,OpenSea,Body,FALSE,0.303293,0.804933,0.724886,0.101462,0.0536874,0.124513,0.112651,0.0790587,0.793519,0.791211,0.539935,0.579825,0.205061,0.300606,0.803691,0.22839,0.0495659,0.0527296,0.369626,0.0664888,0.278098,0.695128,0.486026,0.745765,0.801242,0.711328,0.331691,0.796182,0.802996,0.371346,0.48898200000000003,0.622972,0.65932,0.598553,0.682065,0.643432
cg06920888,OpenSea,Body,FALSE,0.844278,0.836708,0.845121,0.8372,0.476677,0.816154,0.839323,0.784348,0.795569,0.848649,0.83718,0.769355,0.639577,0.681874,0.861231,0.501772,0.403331,0.141648,0.600528,0.418543,0.802055,0.764694,0.807591,0.819069,0.882541,0.834215,0.585435,0.825092,0.836683,0.784846,0.845201,0.79802,0.63991,0.776063,0.815869,0.792132
cg06566239,OpenSea,Body,FALSE,0.0995745,0.201762,0.0706644,0.0976736,0.0560952,0.0864291,0.107885,0.104007,0.263607,0.309267,0.0649291,0.0697122,0.0662644,0.0786723,0.276747,0.0928781,0.06285,0.0641256,0.0955011,0.0580786,0.0558375,0.128103,0.099254,0.118707,0.744708,0.2109,0.0554707,0.439087,0.514745,0.060865,0.113866,0.104188,0.128027,0.0854356,0.189623,0.262889
cg03751055,OpenSea,Body,FALSE,0.795049,0.813174,0.775604,0.795174,0.347373,0.737385,0.793697,0.753575,0.756078,0.62262,0.705281,0.69119,0.0309109,0.0364499,0.803754,0.625309,0.281699,0.141184,0.328325,0.146837,0.484933,0.40237,0.596687,0.82307,0.831794,0.783351,0.285206,0.856064,0.495146,0.250334,0.548528,0.795504,0.344891,0.542486,0.735975,0.63581
cg04473030,OpenSea,Body,FALSE,0.21554,0.447798,0.178314,0.503355,0.0429366,0.574629,0.373796,0.209688,0.627136,0.636002,0.377669,0.253392,0.258046,0.341942,0.840842,0.207831,0.058305,0.0542619,0.252212,0.0371255,0.635963,0.336537,0.367609,0.224983,0.833804,0.521447,0.0871364,0.494255,0.581752,0.0200986,0.147703,0.481624,0.46036,0.226545,0.596972,0.560911
cg17686260,OpenSea,Body,FALSE,0.431049,0.602018,0.354894,0.393605,0.296367,0.468773,0.271701,0.29054,0.664181,0.738272,0.319524,0.309254,0.134294,0.17133,0.830646,0.153363,0.13857,0.050898,0.198913,0.0570134,0.334947,0.254633,0.564343,0.473502,0.79869,0.637771,0.0734013,0.46393,0.477735,0.0308103,0.581769,0.160023,0.297796,0.156392,0.63756,0.582027
cg26950715,N_Shore,TSS1500,TRUE,0.647641,0.602463,0.358577,0.456156,0.224393,0.471078,0.449922,0.247608,0.775241,0.769572,0.548822,0.512358,0.284211,0.322599,0.809055,0.473793,0.289093,0.39507,0.460662,NA,0.587265,0.464637,0.661856,0.795736,0.794047,0.749774,0.435629,0.584483,0.645282,0.472264,0.536638,0.39911,0.484971,0.427989,0.642276,0.515083
cg25881985,OpenSea,Body,FALSE,0.835509,0.840057,0.868251,0.813032,0.817026,0.669973,0.446989,0.794746,0.804803,0.816475,0.802506,0.805381,0.604282,0.571986,0.83218,0.788492,0.275463,0.0918385,0.695846,0.149271,0.815723,0.840685,0.808474,0.818327,0.844733,0.833076,0.712986,0.857496,0.676272,0.517906,0.833369,0.84717,0.822459,0.82926,0.806049,0.84072
cg07453748,OpenSea,Body,FALSE,0.794257,0.792118,0.787322,0.581779,0.394486,0.562563,0.582311,0.41692,0.722001,0.806809,0.556112,0.502873,0.781323,0.751254,0.787461,0.756273,0.169929,0.0946926,0.497235,0.136675,0.749035,0.777846,0.781421,0.843086,0.729249,0.752598,0.699809,0.76986,0.651015,0.476064,0.787375,0.767502,0.680623,0.779007,0.780867,0.758142
cg19806483,OpenSea,Body,FALSE,0.598931,0.628308,0.38042,0.458416,0.0528209,0.122978,0.0855742,0.124966,0.738043,0.693459,0.525663,0.494859,0.493003,0.55846,0.792588,0.0703869,0.052569,0.0416019,0.286599,0.065282,0.0443602,0.47186,0.115403,0.573745,0.775529,0.514042,0.0807946,0.818483,0.641812,0.0627621,0.401903,0.535818,0.708145,0.660506,0.742354,0.726094
cg27429313,OpenSea,Body,FALSE,0.544457,0.682167,0.511151,0.406194,0.441701,0.341511,0.235781,0.18335,0.578267,0.491575,0.676081,0.624806,0.4479,0.503927,0.737898,0.0881725,0.0947285,0.080403,0.167802,0.124368,0.523066,0.556372,0.641751,0.686083,0.681665,0.715086,0.230571,0.755366,0.596027,0.102858,0.33079,0.572739,0.628059,0.513916,0.494652,0.62769
cg26529877,OpenSea,Body,FALSE,0.128637,0.74055,0.419351,0.0400424,0.0322076,0.0323385,0.0605128,0.0324638,0.661679,0.71456,0.356014,0.341074,0.0472682,0.143859,0.686088,0.0361625,0.048444,0.042876,0.154363,0.036397,0.0890455,0.438932,0.621645,0.123714,0.728603,0.610803,0.0460173,0.44095,0.513346,0.0203947,0.24998,0.23481,0.287272,0.411217,0.681738,0.638326
cg06070493,OpenSea,Body,FALSE,0.821136,0.655271,0.52109,0.753068,0.521404,0.559786,0.576289,0.777957,0.856159,0.818449,0.765302,0.714357,0.73809,0.776125,0.913144,0.440356,0.227445,0.138367,0.377061,0.0757383,0.0440215,0.476188,0.688529,0.64069,0.842608,0.725151,0.146628,0.892407,0.557068,0.426063,0.87,0.73774,0.4313,0.5342,0.775866,0.786092
cg09993319,OpenSea,Body,FALSE,0.0458498,0.470286,0.815441,0.0379369,0.0358731,0.0679869,0.0604966,0.0645787,0.0391111,0.0601291,0.0362853,0.0353809,0.0545166,0.0244832,0.471775,0.0857286,0.0358122,0.0456729,0.688492,0.334369,0.499985,0.554809,0.0318523,0.0502486,0.780063,0.0548685,0.0348805,0.850697,0.627917,0.700817,0.0495731,0.325626,0.517691,0.0477646,0.0436779,0.529528
cg19054785,N_Shore,TSS1500,FALSE,0.55181500000000006,0.778427,0.444283,0.29311,0.0721333,0.371983,0.386112,0.464153,0.812047,0.818635,0.767501,0.778991,0.371021,0.421291,0.805668,0.356852,0.0847657,0.0943099,0.525811,0.197217,0.794222,0.764597,0.614246,0.605778,0.829387,0.811016,0.0665162,0.796559,0.793031,0.106812,0.595574,0.71646,0.518475,0.734053,0.770587,0.819098
cg14273607,OpenSea,Body,FALSE,0.208825,0.495672,0.203767,0.172427,0.0635018,0.246024,0.267929,0.154715,0.561912,0.626091,0.259741,0.270745,0.101387,0.182083,0.727569,0.119573,0.062449,0.0592437,0.200367,0.0500259,0.556773,0.310619,0.398958,0.236708,0.728416,0.52852,0.137654,0.42358,0.596043,0.0611793,0.397761,0.232954,0.263404,0.340072,0.473407,0.515018
cg02311341,OpenSea,Body,FALSE,0.100859,0.485289,0.279871,0.0908169,0.0691043,0.0674564,0.0793703,0.0603294,0.104259,0.361822,0.145724,0.0741977,0.02448,0.0277941,0.54039,0.0764229,0.0260064,0.0453483,0.0990367,0.0545475,0.0666208,0.149885,0.268252,0.105314,0.419634,0.146885,0.0246358,0.741092,0.227454,0,0.319331,0.230446,0.1353,0.130973,0.180387,0.326949
cg07450693,OpenSea,Body,FALSE,0.761029,0.717176,0.379883,0.580427,0.101467,0.437904,0.632903,0.286532,0.807747,0.844487,0.395773,0.287473,0.23631,0.209426,0.591243,0.208021,0.121694,0.0405014,0.185903,0.0499017,0.623967,0.488561,0.696483,0.407215,0.864748,0.64356,0.156271,0.3369,0.82533,0.040915,0.7573,0.643554,0.445943,0.350088,0.706716,0.5875
cg13272119,OpenSea,Body,FALSE,0,0.176192,0.539025,0.260279,0.0545243,0.086004,0.0487536,0.142261,0.625177,0.60782,0.280696,0.227962,0.0459288,0.0884985,0.806386,0.0696207,0.0632163,0.017386,0.112726,0.0515721,0.0806374,0.16625,0.0912221,0.0730149,0.747676,0.582187,0.0550663,0.426859,0.576793,0.0718638,0.0630074,0.132189,0.172539,0.0541472,0.486847,0.36568
cg14418963,OpenSea,Body,FALSE,0.80949,0.839046,0.875687,0.826722,0.721888,0.840748,0.846506,0.850277,0.882511,0.872962,0.882753,0.814044,0.835335,0.847022,0.859526,0.618433,0.254237,0.296961,0.698539,0.475564,0.916003,0.844218,0.825538,0.866282,0.87061,0.84375,0.810674,0.874488,0.88258,0.834113,0.883985,0.858786,0.85021,0.832601,0.82663,0.869703
cg19179102,OpenSea,Body,FALSE,0.85356,0.821208,0.813669,0.801971,0.768313,0.751487,0.778444,0.558842,0.830142,0.846304,0.788678,0.751207,0.694362,0.67074,0.624072,0.432057,0.288217,0.19428,0.488993,0.50985,0.832755,0.640173,0.501629,0.865445,0.83836,0.815477,0.385068,0.841342,0.541593,0.677827,0.837806,0.835153,0.786907,0.560663,0.757455,0.816764
cg13405636,OpenSea,Body,FALSE,0.412396,0.442535,0.523711,0.199163,0.0918581,0.175083,0.186702,0.116831,0.501604,0.449431,0.656456,0.580344,0.099783,0.140255,0.745592,0.111943,0.0713985,0.104447,0.128938,0.083211,0.560022,0.236115,0.445481,0.404086,0.77241,0.608654,0.0764837,0.495075,0.349572,0.0658684,0.494585,0.378005,0.265029,0.216418,0.606428,0.637127
cg09125600,OpenSea,Body,FALSE,0.782295,0.755083,0.835446,0.448798,0.414395,0.34239000000000003,0.705845,0.365189,0.607907,0.563515,0.7168,0.68668,0.360642,0.342597,0.839251,0.29584,0.0637646,0.120009,0.169846,0.204243,0.107366,0.811426,0.761047,0.216157,0.789964,0.843443,0.362734,0.833912,0.554694,0.0275782,0.807336,0.841947,0.625065,0.498093,0.622247,0.519059
cg14129786,OpenSea,Body,FALSE,0.0582388,0.221967,0.0900601,0.0698995,0.052933,0.0947511,0.0632132,0.0719029,0.601189,0.650868,0.11153,0.0738894,0.0571377,0.0846647,0.612618,0.0630765,0.0367418,0.0381399,0.178176,0.0617846,0.0315114,0.207476,0.0858271,0.230749,0.751032,0.417991,0.103454,0.469044,0.433623,0.0382269,0.213615,0.0938378,0.35076,0.0825343,0.411675,0.254537
cg07638938,OpenSea,Body,FALSE,0.52636,0.438232,0.561266,0.415491,0.412586,0.396971,0.426931,0.425902,0.415107,0.415304,0.603211,0.611014,0.710535,0.713286,0.408242,0.408854,0.332317,0.160862,0.377488,0.324655,0.18883,0.568093,0.56491,0.413862,0.399868,0.383478,0.418207,0.41968,0.534499,0.423603,0.614036,0.463774,0.575268,0.490296,0.392581,0.604748
cg02533285,OpenSea,Body,FALSE,0.0869543,0.253326,0.137913,0.114007,0.0591103,0.0899255,0.0645292,0.11631,0.559815,0.670804,0.122805,0.196726,0.0640014,0.0980347,0.645625,0.0924533,0.0550229,0.094142,0.163868,0.042483,0.347221,0.198941,0.13362,0.0921609,0.840353,0.642038,0.0291458,0.4934,0.594918,0.0478889,0.252529,0.21971,0.202777,0.192601,0.637038,0.475828
cg10215460,OpenSea,Body,FALSE,0.57016,0.706203,0.430417,0.541243,0.172507,0.369176,0.185446,0.384423,0.693784,0.702078,0.745371,0.680883,0.657642,0.5806,0.819545,0.354712,0.113825,0.137641,0.358607,0.135742,0.328097,0.452125,0.633066,0.78439,0.721063,0.762618,0.204731,0.803582,NA,0.133966,0.222259,0.25496,0.36238,0.335411,0.751413,0.730681
cg02981064,OpenSea,Body,FALSE,0.769943,0.808896,0.823931,0.823322,0.752482,0.809058,0.799977,0.632029,0.798,0.785731,0.828751,0.80308,0.643257,0.625266,0.821852,0.757763,0.254443,0.0631503,0.579745,0.339511,0.773044,0.810725,0.802051,0.826918,0.799954,0.826824,0.822502,0.83024,0.621438,0.823841,0.821066,0.823288,0.811631,0.704353,0.809611,0.627641
cg24295609,OpenSea,Body,FALSE,0.0459282,0.234623,0.133541,0.0727822,0.0532189,0.0356605,0.0492323,0.040054,0.415978,0.484512,0.0821778,0.0867666,0.0622506,0.0817926,0.392889,0.0403465,0.0183034,0.0549379,0.132831,0.0318484,0.0534794,0.117012,0.0577454,0.0618048,0.762876,0.325711,0.0142191,0.404439,0.38662,0.0657195,0.107946,0.0898285,0.202647,0.0459804,0.241403,0.454628
cg14668152,OpenSea,Body,FALSE,0.325141,0.739168,0.682641,0.0696709,0,0.109694,0.112071,0.0765823,0.598208,0.69147,0.42119,0.546515,0.0318321,0.145396,0.804897,0.0687479,0.0126054,0.0409614,0.0626014,0.00242383,0.338727,0.055367,0.39915,0.377164,0.749442,0.141268,0.0175194,0.464037,0.619202,0.00134439,0.713865,0.236989,0.446747,0.21492,0.523195,0.442981
cg26346233,OpenSea,Body,FALSE,0.74053,0.716469,0.0781167,0.186794,0.0462794,0.074674,0.0864377,0.0994253,0.730127,0.639138,0.451937,0.36505,0.0360313,0.0569098,0.74096,0.0344112,0.0249675,0.0335149,0.194097,0.0313689,0.0627872,0.265038,0.558544,0.237238,0.740346,0.726509,0.0507135,0.407269,0.552533,0.379683,0.630735,0.32116,0.350069,0.414426,0.519216,0.445628
cg26127080,OpenSea,Body,FALSE,0.34018,0.575089,0.246084,0.309455,0.297879,0.361777,0.302626,0.395473,0.596697,0.590271,0.506479,0.575657,0.191786,0.226457,0.745591,0.211821,0.178676,0.247994,0.282554,0.201078,0.273874,0.408867,0.392627,0.535798,0.753072,0.674958,0.194897,0.432701,0.49633,0.210306,0.348236,0.433954,0.33669,0.310118,0.60945800000000006,0.580792
cg18778347,OpenSea,Body,FALSE,0.196161,0.485897,0.804561,0.277899,0.103849,0.142378,0.165355,0.38469,0.752072,0.787723,0.517697,0.494579,0.154831,0.234086,0.838257,0.103236,0.0967861,0.067242,0.25508,0.0834855,0.0643646,0.473062,0.171088,0.698804,0.82179,0.583579,0.14663,0.456475,0.503968,0.0611831,0.376256,0.627246,0.596211,0.307339,0.640398,0.438806
cg02258198,OpenSea,Body,FALSE,0.802659,0.786865,0.848661,0.569469,0.475462,0.587777,0.59622,0.524436,0.845517,0.83070600000000006,0.795786,0.777621,0.783494,0.775683,0.842719,0.450658,0.127903,0.0905546,0.697281,0.203244,0.0561765,0.80965,0.818722,0.82597,0.86289,0.809104,0.790998,0.823753,0.81704,0.0573299,0.846525,0.607873,0.807204,0.818241,0.778542,0.79572
cg13220032,OpenSea,Body,FALSE,0.576311,0.617672,0.65558399999999994,0.162698,0.0658452,0.136362,0.11449,0.10279,0.700354,0.723575,0.371678,0.402838,0.0754725,0.0843801,0.667717,0.0813947,0.0607663,0.058401,0.191272,0.0694837,0.432965,0.540035,0.538057,0.447746,0.847063,0.0477482,0.0582476,0.49567,0.524213,0.0417452,0.637308,0.397734,0.244712,0.310176,0.463916,0.643669
cg14872626,OpenSea,Body,FALSE,0.277897,0.563716,0.392085,0.120253,0.0857858,0.116778,0.188603,0.343771,0.654354,0.699409,0.340367,0.356383,0.120367,0.180296,0.619946,0.102599,0.0543624,0.0699262,0.316334,0.0874965,0.138059,0.38497,0.134635,0.227363,0.80155,0.641602,0.146385,0.500075,0.557126,0.174623,0.172462,0.271531,0.360559,0.257496,0.58386,0.59078
cg04876500,OpenSea,Body,FALSE,0.639377,0.755676,0.87050399999999994,0.736128,0.636063,0.641871,0.644428,0.543018,0.843472,0.871634,0.849655,0.816007,0.737132,0.726313,0.867514,0.480535,0.0730473,0.0504999,0.478745,0.178541,0.700104,0.72777,0.732225,0.835368,0.880636,0.826839,0.41444,0.847065,0.769042,0.305963,0.887183,0.56053,0.507039,0.480155,0.743046,0.810342
cg23465978,OpenSea,Body,FALSE,0.192174,0.333137,0.0555017,0.029506,0.024351,0.0465537,0.0531039,0.0398007,0.530237,0.176902,0.0494571,0.062793,0.0544946,0.0417123,0.763009,0.0449202,0.0232865,0,0,0.0199355,0.1755,0.126036,0.330871,0.0694807,0.373652,0.0881852,0.00569134,0.421992,0.433389,0.0304385,0.219431,0.112,0.210119,0.0229144,0.0135161,0.381763
cg03292473,OpenSea,Body,FALSE,0.761365,0.83889,0.800856,0.649161,0.638248,0.620597,0.582658,0.778068,0.828648,0.833422,0.574589,0.589189,0.358454,0.364777,0.84897,0.2063,0.0888967,0.0941803,0.29793,0.0729881,0.87846900000000006,0.70719,0.627861,0.8138,0.834081,0.799918,0.170667,0.906014,0.74312,0.0925873,0.838734,0.49328,0.640504,0.805871,0.829143,0.737069
cg04436810,OpenSea,Body,FALSE,0.0852628,0.601244,0.558049,0.0688071,0.0614447,0.0819281,0.0813017,0.0792927,0.261303,0.382179,0.439431,0.379572,0.0612334,0.106327,0.632138,0.077263,0.0598923,0.0686516,0.104978,0.0567781,0.0571989,0.226108,0.0649536,0.101352,0.815195,0.16483,0.0602774,0.474713,0.538392,0.0677892,0.0473212,0.21884,0.240955,0.22217,0.40727,0.49953
cg27056559,OpenSea,Body,FALSE,0.846706,0.870064,0.867249,0.883843,0.846021,0.852536,0.871716,0.872904,0.833872,0.829559,0.869962,0.866379,0.830144,0.881948,0.863693,0.688162,0.402171,0.3935,0.812731,0.402592,0.710575,0.833103,0.846379,0.847021,0.871238,0.846526,0.82344,0.894694,0.852839,0.752272,0.865899,0.862252,0.848367,0.889813,0.88239,0.828119
cg07367735,OpenSea,Body,FALSE,0.336971,0.729274,0.224369,0.11699,0.0719396,0.0819945,0.102682,0.125323,0.637472,0.70677,0.111908,0.17747,0.0834205,0.126519,0.783798,0.0788208,0.0479633,0.0313059,0.0994407,0.0816811,0.0515604,0.225273,0.641612,0.0707812,0.870917,0.28502,0.0805835,0.788734,0.735316,0.0627673,0.794533,0.223504,0.367423,0.229622,0.249218,0.455754
cg01341123,Island,TSS1500,TRUE,0.550228,0.587222,0.791788,0.741697,0.772697,0.466237,0.438566,0.712446,0.180481,0.268025,0.773394,0.740695,0.592972,0.625732,0.390494,0.441727,0.420567,0.220136,0.515877,0.456763,0.0714328,0.231101,0.709043,0.564531,0.105897,0.767007,0.458506,0.551872,0.370478,0.55701,0.81665,0.267482,0.73219,0.763568,0.298918,0.459839
cg16765434,OpenSea,Body,FALSE,0.0495348,0.360421,0.362764,0.0340154,0.0602501,0.0404481,0.0789065,0.093896,0.696867,0.691732,0.447016,0.127711,0.0248538,0.0753426,0.843786,0.0783043,0.0286239,0,0.140471,0.0412608,0.0988348,0.170602,0.621401,0.314309,0.841275,0.647033,0.0322152,0.505522,0.576399,0.040336,0.0447429,0.135262,0.111923,0.0735612,0.442644,0.451596
cg24747557,OpenSea,Body,FALSE,0.174616,0.746027,0.406939,0.748183,0.56881,0.350765,0.305897,0.178376,0.607032,0.610865,0.580759,0.455601,0.370676,0.307467,0.742675,0.348264,0.053932,0.00449466,0.20321,0.0399803,0.718799,0.599192,0.207006,0.645141,0.693074,0.668838,0.0452692,0.443397,0.43713,0.0804624,0.179864,0.471075,0.464447,0.508684,0.744227,0.666121
